tree
version=v4
num_class=1
num_tree_per_iteration=1
label_index=0
max_feature_idx=47
objective=binary sigmoid:1
feature_names=concurrent_breakdown_equipment_failure_area_24h breakdown_equipment_failure_zscore breakdown_equipment_failure_cv_7d breakdown_and_equipment_failure_time_duration horas_desde_ultimo_breakdown avg_event_duration ratio_ucl_total breakdown_equipment_failure_std_7d duracion_eventos_criticos minor_stoppages_std_7d speed_loss_std_7d breakdown_equipment_failure_rolling_6h process_failure_rolling_24h quality_defect_loss_zscore id_fabrica_area_encoded ratio_unplanned_total dia_semana dias_desde_ultimo_breakdown avg_breakdown_equipment_failure_subcategoria measurement_adjustment_rolling_24h ucl_time avg_minor_stoppages_subcategoria minor_stoppages_cv_7d speed_loss_cv_7d minor_stoppages_duration diff_breakdown_equipment_failure_vs_subcategoria minor_stoppages_severity_score horas_desde_ultimo_pm minor_stoppages_nivel3_duration process_failure_rolling_24h_avg avg_duration_per_event subcategoria_13 area_stress_level_24h speed_loss_rolling_24h process_failure_rolling_12h minor_stoppages_rolling_6h minor_stoppages_rolling_24h evento_mas_frecuente_count measurement_adjustment_rolling_6h dia_sin subcategoria_0 es_fin_semana quality_defect_loss_rolling_24h_avg subcategoria_32 subcategoria_30 speed_loss_zscore minor_stoppages_rolling_6h_avg minor_stoppages_rolling_12h
feature_infos=[0:536] [-0.88518649339675903:10] [0:10] [0:716.51666259765625] [1:9999] [0.01666666753590107:1440] [0:99.9962158203125] [0:11.552608489990234] [0:1440] [0:46.297634124755859] [0:764.290771484375] [0:200] [0:198] [-0.37537550926208496:10] [0:84] [0:99.997505187988281] [0:6] [0.041666667908430099:416.625] [0:3.2736110687255859] [0:564] [-0.066666670143604279:2640] [0:50.526390075683594] [0:10] [0:10] [0:750.816650390625] [-3.2736110687255859:65.781944274902344] [0:750.816650390625] [1:9999] [0:750.816650390625] [0:8.25] [0.088888891041278839:120] [0:1] [1:5465] [0:12072.7666015625] [0:132] [0:806] [0:2700] [0:252] [0:196] [-0.97492790222167969:0.97492790222167969] [0:1] [0:1] [0:105.85763549804688] [0:1] [0:1] [-0.64773041009902954:10] [0:134.33332824707031] [0:1492]
tree_sizes=4684 4813 4813 4812 4822 4829 4832 4812 4822 4824 4847 4854 4847 4861 4822 4804 4840 4859 4832 4834 4835 4858 4841 4813 4871

Tree=0
num_leaves=43
num_cat=0
split_feature=0 17 2 8 2 2 29 20 7 20 8 2 20 2 20 9 20 19 26 26 21 11 10 7 9 17 7 22 11 23 7 22 43 34 2 7 8 23 10 27 21 2
split_gain=174530 32704.3 28981.4 12090.8 5604.07 4415.05 4027.48 3555.96 3094.2 2881.43 2510.93 2146.17 1970.77 1610.12 1377.75 1376.65 1233.44 1102.4 1015.45 961.494 896.681 736.16 707.068 701.345 646.853 594.417 579.966 544.871 534.391 497.899 485.001 467.002 449.441 439.384 551.613 418.033 409.675 402.163 398.969 378.712 374.384 365.281
threshold=1.0000000180025095e-35 13.645833492279055 3.5279158353805546 19.108333587646488 7.4947896003723153 5.0987727642059335 1.0000000180025095e-35 369.37500000000006 0.15174087136983874 440.20001220703131 19.391666412353519 2.4862350225448613 208.70833587646487 4.1417586803436288 440.20001220703131 0.43036219477653509 153.63333129882815 1.0000000180025095e-35 3.9083334207534794 7.2249999046325692 13.349305629730226 1.0000000180025095e-35 333.36032104492193 1.0574712753295901 0.36889338493347174 28.770833015441898 0.897424876689911 0.52960634231567394 1.0000000180025095e-35 2.1183923482894902 0.51694476604461681 1.0813688039779665 1.0000000180025095e-35 3.5000000000000004 6.854853868484498 0.28603769838809973 9.4083333015441912 9.9970555305480975 253.79457092285159 6098.0000000000009 16.621527671813968 1.956652879714966
decision_type=2 2 2 2 2 2 2 2 2 2 2 2 2 2 2 2 2 2 2 2 2 2 2 2 2 2 2 2 2 2 2 2 2 2 2 2 2 2 2 2 2 2
left_child=1 4 9 5 7 14 17 8 33 10 11 15 19 30 28 -2 20 25 -15 26 31 -5 -11 -13 -8 -3 36 -19 -4 -20 -10 -6 -17 34 37 38 -7 -1 40 -36 -22 -34
right_child=2 6 3 21 16 12 24 -9 13 22 -12 23 -14 18 -16 32 -18 27 29 -21 35 -23 -24 -25 -26 -27 -28 -29 -30 -31 -32 -33 41 -35 39 -37 -38 -39 -40 -41 -42 -43
leaf_value=-1.3786232246067773 -1.3098861889983395 -1.3934595517992026 -1.3196531872409965 -1.3128415049752948 -1.3636174823343639 -1.3455611900127675 -1.3358115837671383 -1.3986360971408922 -1.3149899473364854 -1.3717856684951522 -1.2629107490941531 -1.2935925097500163 -1.3941208843510524 -1.3499375656133836 -1.3750288206280712 -1.272942628776391 -1.4029888137199051 -1.3590363897606093 -1.3613072770544012 -1.3269909221394778 -1.3358438902571488 -1.2658570678518553 -1.2653332213992827 -1.3322059575168266 -1.374507742184492 -1.4081320103547967 -1.3240032651607205 -1.3934298668632146 -1.3077236743658467 -1.33090207777004 -1.3439004452273589 -1.3743340239338158 -1.2885896119759555 -1.3323084563681855 -1.332381370705739 -1.2840436118596348 -1.3142953561607498 -1.3187886262005233 -1.2986083410575473 -1.3618068020466945 -1.3812625820569717 -1.3490463941036923
leaf_weight=1693.6153548955917 777.33118444681168 2141.6551753878593 5977.3846456408501 239.69227701425552 5619.3556582927704 7047.0597602427006 313.26043218374252 798.4218692779541 2246.0111577808857 292.24971100687981 3707.9862403869629 8489.88366574049 402.73861736059189 5131.9606398046017 253.37499380111694 7979.2643597722054 651.58266216516495 325.54224535822868 382.64781355857849 4319.4387538731098 277.74260640144348 2319.3781417608261 47.213519662618637 317.9058150947094 2768.2569113373756 11233.037657141685 1042.3958067595959 3834.5069989562035 4140.7969745993614 4222.3988448083401 454.51341286301613 5011.5314677357674 409.03004586696625 272.30771154165268 356.30379244685173 81.775843948125839 284.01250347495079 76.481666266918182 97.611875832080841 1422.4481385946274 205.86083278059959 77.430091500282288
leaf_count=8581 2368 11785 19925 751 25993 28857 1193 4515 7179 1422 6176 21797 2224 21675 1257 15643 3768 1462 1744 15330 1058 4064 82 1177 13691 66657 3608 21097 12351 15471 1839 24760 990 1009 1321 187 902 253 265 6504 1059 325
internal_value=-1.33932 -1.37291 -1.30469 -1.32294 -1.35544 -1.32868 -1.39748 -1.34605 -1.34347 -1.28319 -1.28204 -1.28597 -1.33854 -1.33729 -1.31624 -1.27738 -1.36884 -1.40221 -1.34213 -1.33677 -1.36687 -1.27026 -1.35698 -1.29499 -1.37057 -1.40578 -1.34182 -1.39074 -1.31477 -1.33343 -1.31986 -1.36867 -1.27439 -1.36355 -1.36595 -1.33808 -1.34435 -1.37604 -1.34568 -1.35591 -1.35518 -1.29821
internal_weight=97743.4 49618.8 48124.6 26026.3 29002.6 23467.2 20616.3 17057.1 16258.7 22098.3 21758.8 18050.8 13095.6 12437.5 10371.6 9243.06 11945.5 17534.7 9737.01 12692.9 11293.9 2559.07 339.463 8807.79 3081.52 13374.7 8373.47 4160.05 10118.2 4605.05 2700.52 10630.9 8465.72 3821.16 3548.85 662.991 7331.07 1770.1 581.215 1778.75 483.603 486.46
internal_count=382315 243066 139249 89269 127181 84454 115885 70091 65576 49980 48476 42300 50921 47908 33533 19326 57090 101001 38890 48697 53322 4815 1504 22974 14884 78442 33367 22559 32276 17215 9018 50753 16958 17668 16659 2569 29759 8834 2382 7825 2117 1315
is_linear=0
shrinkage=1


Tree=1
num_leaves=43
num_cat=0
split_feature=2 2 11 2 11 20 2 13 3 20 3 6 14 12 14 2 25 23 25 3 14 14 9 14 47 39 14 21 14 14 30 23 25 23 13 11 25 25 2 13 19 14
split_gain=109969 66307.1 15084.9 8740.19 7034.52 6848.7 6320.01 6295.54 5617.42 3288.49 2744.13 2478.37 2251.11 2195.67 1641.81 1476.39 1445.11 1010.46 913.683 877.638 837.499 989.493 780.763 713.084 706.804 690.89 646.441 629.423 619.835 604.139 600.488 579.241 578.623 535.271 500.87 494.032 476.862 455.387 432.107 452.443 442.156 422.204
threshold=1.0000000180025095e-35 4.2908213138580331 1.0000000180025095e-35 3.089443683624268 1.0000000180025095e-35 334.59165954589849 7.2481312751770028 -0.023873331025242802 19.85000038146973 398.15834045410162 19.258333206176761 99.97580718994142 50.500000000000007 1.0000000180025095e-35 47.500000000000007 2.2949321269989018 -0.013875137548893688 2.1642470359802251 -0.038924964144825928 19.85000038146973 47.500000000000007 41.500000000000007 0.36889338493347174 79.500000000000014 125.50000000000001 -0.87837970256805409 47.500000000000007 2.5965278148651127 45.500000000000007 39.500000000000007 119.99166488647462 1.6179502606391909 -0.046866925433278077 7.8468601703643808 -0.004864614224061369 1.0000000180025095e-35 -0.13263889402151105 -0.0020833333837799724 9.5399813652038592 -0.050814615562558167 29.500000000000004 43.500000000000007
decision_type=2 2 2 2 2 2 2 2 2 2 2 2 2 2 2 2 2 2 2 2 2 2 2 2 2 2 2 2 2 2 2 2 2 2 2 2 2 2 2 2 2 2
left_child=4 3 5 11 7 6 14 16 26 10 20 15 18 37 17 -2 22 36 27 -17 21 -5 30 38 33 -16 -4 -8 29 -20 -1 -15 -27 41 -29 -22 -3 -9 -14 -40 -41 -19
right_child=1 2 8 9 -6 -7 12 13 -10 -11 -12 -13 23 31 25 19 -18 24 28 -21 35 -23 -24 -25 -26 32 -28 34 -30 -31 -32 -33 -34 -35 -36 -37 -38 -39 39 40 -42 -43
leaf_value=0.050742258296005406 0.10598310581094227 0.085817605247103371 0.05276003539437292 0.06530893821341828 0.086732281308701795 -0.014717363121341445 0.018167242376933696 -0.016187238093866255 0.11332741890677589 0.002111814847339587 0.11360679682114354 0.018054015094608064 0.049365938768788434 0.065434239530476376 0.032838470989869743 0.088978690323167645 -0.001416601487301027 0.042138597024042636 0.012166992209184026 0.114637301886498 0.071112584177843455 0.01632232391952592 0.013920837000610246 0.019591319780481373 0.060024868292993243 0.063681024258547617 0.069202996839434705 0.046809536512509124 -0.0093373702125468718 0.026497572220629408 -0.0012696784643636829 0.010263654476074927 0.048779652250517218 -0.0022003165614814168 0.015653498731545982 0.085349495374301532 0.018213485913609221 -0.026320951089879089 0.044590509131522696 0.014058612755697603 0.099136718533397797 0.0081647219431941528
leaf_weight=731.73502939939499 9791.1479993462563 70.994029253721237 3350.5774556696415 5087.9222386926413 527.06149339675903 1885.9472997486591 1575.1567546874285 5029.9022787809372 1651.0375512391329 432.25426365435123 1032.6634465456009 249.03761081397533 2697.9923049211502 148.53385284543037 825.82748758792877 8151.0787064880133 4271.7175250500441 6096.1364230513573 6080.974189594388 971.96939370036125 4494.9249404966831 283.59093151986599 3464.7093506902456 1053.5677580982447 1317.4060688465834 4107.3174754232168 2910.6111682653427 1510.7715868502855 639.31213745474815 2798.273012176156 180.21537531912327 749.67910218238831 2893.3764377683401 194.26380172371864 432.33080163598061 2455.0770250111818 1596.2728212475777 6786.5311414599419 992.52571378648281 740.1117849946022 42.055188581347466 247.98604071140289
leaf_count=2732 17386 186 11858 15800 1283 10914 7400 29357 2535 2264 1573 1177 10057 474 3428 19102 22916 23738 29577 1445 13256 1303 16987 4869 4395 13323 8848 5759 3523 12410 967 3719 10673 1013 2051 6098 7384 41808 3856 3561 97 1213
internal_value=0.045215 0.0592958 0.0394003 0.0868968 -0.00538325 0.032692 0.0351817 -0.0076559 0.0714473 0.0713986 0.0736413 0.0980465 0.0248304 -0.0190831 0.0462569 0.0990998 0.00914407 0.039139 0.0190436 0.0917124 0.0702918 0.0627227 0.0194515 0.038482 0.0429692 0.0549178 0.0604038 0.0301576 0.0149356 0.0166832 0.0404639 0.019387 0.0575223 0.0395327 0.0398775 0.0761418 0.0210921 -0.0220073 0.0429318 0.0331502 0.0186331 0.0408106
internal_weight=100551 78660.5 45710.8 32949.7 21890.1 37798.6 35912.7 21363 7912.23 13786.4 13354.2 19163.2 18563.1 12714.6 17349.6 18914.2 8648.38 9523.06 13036.8 9123.05 12321.5 5371.51 4376.66 5526.25 7855.79 7826.52 6261.19 3518.26 9518.56 8879.25 911.95 898.213 7000.69 6538.39 1943.1 6950 1667.27 11816.4 4472.68 1774.69 782.167 6344.12
internal_count=382315 262072 182668 79404 120243 159427 148513 118960 23241 40294 38030 39110 83160 75358 65353 37933 43602 37929 60720 20547 36457 17103 20686 22440 30359 27424 20706 15210 45510 41987 3699 4193 23996 25964 7810 19354 7570 71165 17571 7514 3658 24951
is_linear=0
shrinkage=0.0255234


Tree=2
num_leaves=43
num_cat=0
split_feature=17 11 1 1 3 3 1 15 1 7 1 1 3 22 1 29 17 46 14 7 6 1 43 18 14 1 1 1 1 14 14 20 16 1 1 14 16 18 20 13 25 13
split_gain=118788 28184.7 20934 13899.2 14434.7 4818.19 5675.76 3674.25 3361.07 3220.38 3089.96 2314.96 2269.73 2220.87 2103.29 1791.81 1681.5 1296.9 1181.98 1079.37 906.674 854.131 837.427 836.374 791.431 788.311 708.79 680.453 598.65 565.234 577.272 563.051 548.687 558.363 540.797 536.437 531.784 510.011 498 489.738 473.826 651.169
threshold=4.1041667461395273 1.0000000180025095e-35 -0.17257089912891385 -0.070538349449634538 1.3750000000000002 20.058333396911625 -0.27945937216281885 99.979160308837905 -0.10975864157080649 0.093049075454473509 -0.26776459813117975 -0.1434010714292526 5.558333396911622 0.49995918571949011 -0.051946073770523064 1.0000000180025095e-35 1.0208333134651186 8.0833334922790545 36.500000000000007 0.20031291991472247 99.968799591064467 -0.070538349449634538 1.0000000180025095e-35 0.047707496210932739 52.500000000000007 -0.13109941035509107 -0.19504465162754056 -0.40049010515213007 -0.44258223474025721 46.500000000000007 42.500000000000007 450.06666564941412 1.5000000000000002 -0.30850790441036219 -0.12099746614694594 47.500000000000007 1.5000000000000002 0.025028473697602752 398.15834045410162 -0.019072797149419781 -0.077765781432390199 -0.033310433849692338
decision_type=2 2 2 2 2 2 2 2 2 2 2 2 2 2 2 2 2 2 2 2 2 2 2 2 2 2 2 2 2 2 2 2 2 2 2 2 2 2 2 2 2 2
left_child=1 2 10 7 14 6 28 9 17 13 22 32 19 23 39 26 37 20 -12 34 35 24 27 -2 -18 -17 -15 -1 -3 30 -21 -20 -11 -34 -8 -4 -28 -10 -29 -5 41 -19
right_child=3 5 8 4 -6 -7 12 -9 16 11 18 -13 -14 15 -16 25 21 40 31 29 -22 -23 -24 -25 -26 -27 36 38 -30 -31 -32 -33 33 -35 -36 -37 -38 -39 -40 -41 -42 -43
leaf_value=0.098163631276541666 0.02608634242090006 0.10152725742197648 0.03303251752044168 0.0021046629000356612 0.093112340225055171 0.10491675698871031 0.05563149945814156 -0.012138375661367863 0.02538923361144391 0.061627172735159455 0.040465113889003652 0.022428594554401254 0.086660266848560319 -0.020498777941922466 -0.026781476734756896 0.051861810177431904 0.013842141419949404 0.071362336313781125 0.066370045218959131 0.060558144242401593 -0.0035277802330036514 -0.0052102514038311603 0.031305613791103241 0.067714374189475332 0.039607254610243454 0.01885397867564749 0.015451031809807817 0.080232686539059045 0.088020205538254542 0.071543717497690729 0.020569810270805108 0.016035214461197898 0.079647714098570882 0.036343904469054708 0.029409592572415138 0.045164182261540071 -0.0006959608733064581 0.045215013928312411 0.03034271581201085 -0.016840420891035886 0.046750334567932136 0.031571872796013568
leaf_weight=1500.8702889680862 702.48701952397823 3375.0377864390612 5503.0504819750786 2531.2021612972021 772.35772533714771 5263.82365642488 1218.1372451037169 2308.0386386662722 1492.4724067300558 1488.9567324966192 1729.2579612880945 4697.3916379660368 2857.5583231151104 828.77974210679531 9575.3581838607788 585.28396013379097 3881.6135537475348 1401.9285630732775 4934.5641924440861 3257.0199527442455 350.36955411732197 1180.4973398000002 213.42151927947998 569.16118994355202 970.91865603625774 2421.2881981432438 1993.3228670656681 7518.7270723134279 5830.361133903265 4204.9578687697649 253.4785218834877 149.14950168132782 217.99368984997272 1760.4056342095137 884.33912456035614 4176.4270865917206 3985.0717117339373 1949.2392140328884 132.64071010053158 1369.9937939047813 2776.8526880145073 331.22720876336098
leaf_count=2553 3121 5304 22303 13144 1433 7441 3956 13133 6402 4705 6403 20858 6029 5002 59671 2147 18218 3843 14390 9847 1918 6242 831 1773 3718 11269 9681 17802 12006 11065 1091 721 540 6950 3578 15076 21276 7046 575 8026 9901 1327
internal_value=0.042926 0.0628995 0.0493295 0.0053643 -0.0141955 0.0829927 0.0777185 0.0182924 0.0342105 0.0219409 0.0717711 0.034105 0.0666407 0.0129817 -0.0203454 0.00886932 0.0223818 0.0419186 0.058693 0.0608139 0.036807 0.0142606 0.0812847 0.0447181 0.0189974 0.0252796 0.0016213 0.0824501 0.0929724 0.0652316 0.0576708 0.0648933 0.0499236 0.0411154 0.0446021 0.038267 0.00468779 0.0366177 0.0793678 -0.00454833 0.0532862 0.0637579
internal_weight=103145 67337.9 40193.2 35807.1 14248.9 27144.7 21880.9 21558.2 24014.6 19250.1 16178.6 8164.75 12675.5 11085.4 13476.6 9813.75 9474.74 14539.9 6812.97 9817.93 10029.8 6033.03 9365.66 1271.65 4852.53 3006.57 6807.17 9152.24 9205.4 7715.46 3510.5 5083.71 3467.36 1978.4 2102.48 9679.48 5978.39 3441.71 7651.37 3901.2 4510.01 1733.16
internal_count=382315 199586 139269 182729 82274 60317 52876 100455 95994 87322 43275 33053 35566 54269 80841 49375 41626 54368 21514 29537 39297 28178 21761 4894 21936 13416 35959 20930 17310 22003 10938 15111 12195 7490 7534 37379 30957 13448 18377 21170 15071 5170
is_linear=0
shrinkage=0.0255234


Tree=3
num_leaves=43
num_cat=0
split_feature=17 2 1 3 3 1 17 6 1 7 2 22 1 12 6 1 3 1 6 24 1 10 18 18 1 6 1 3 1 1 6 16 7 14 13 14 16 9 2 9 22 16
split_gain=106275 35513.7 11835.2 11653.8 8971.84 9466.43 3305.63 2868.71 2656.14 2417.95 2122.74 2009.78 1988.36 1772.02 1688.78 1420.31 1230.19 1142.24 912.007 909.432 803.119 785.344 776.221 755.799 726.841 720.671 633.172 614.052 608.501 602.462 586.432 543.247 536.614 519.338 508.039 504.759 506.983 493.531 444.482 440.575 433.861 420.384
threshold=4.8125000000000009 3.6163983345031743 -0.070538349449634538 2.4583333730697636 9.491666793823244 -0.1642426252365112 0.85416665673255932 99.97900772094728 -0.10528176650404929 0.093049075454473509 2.4862350225448613 0.49995918571949011 -0.051946073770523064 1.0000000180025095e-35 10.937009811401369 -0.1434010714292526 20.058333396911625 -0.26776459813117975 99.973033905029311 7.1416666507720956 -0.2593772411346435 155.26004791259768 0.027826171368360523 0.11983952298760416 -0.13109941035509107 99.973033905029311 -0.11257695034146308 20.058333396911625 -0.19504465162754056 -0.070538349449634538 99.935012817382827 2.5000000000000004 0.20031291991472247 51.500000000000007 -0.026217680424451825 39.500000000000007 4.5000000000000009 0.43036219477653509 9.1361503601074237 0.58719322085380565 1.1816763877868655 4.5000000000000009
decision_type=2 2 2 2 2 2 2 2 2 2 2 2 2 2 2 2 2 2 2 2 2 2 2 2 2 2 2 2 2 2 2 2 2 2 2 2 2 2 2 2 2 2
left_child=1 10 7 12 5 14 19 9 18 11 25 22 34 21 20 -11 17 -12 31 32 -3 26 -2 29 -15 37 -13 -6 -23 33 -19 -8 -7 -10 -4 -22 -37 -1 -31 -26 -17 -34
right_child=2 4 3 -5 27 6 8 -9 23 15 16 13 -14 24 -16 40 -18 30 -20 -21 35 28 -24 -25 39 -27 -28 -29 -30 38 -32 -33 41 -35 -36 36 -38 -39 -40 -41 -42 -43
leaf_value=0.068843018385821173 0.017430405949795034 0.07062038224996367 0.0037749416598149973 0.087098085801362995 0.069539426965067888 0.028381307368086275 0.042282137386076592 -0.019234871972131432 0.010788663987044256 0.044080216359118782 0.077418583663761212 0.021537386441173288 -0.026515909163898829 0.049011770332375068 0.029520672147722221 0.028924553789795242 0.096943600636722749 0.06323704232203349 -0.0069311462046898441 0.052356556188410314 0.046521755654161799 -0.029160773512387671 0.056060212372222286 0.043291761179178094 0.078643852196548764 0.027538915370983425 0.00030217247171698873 0.096003132319272932 -0.002742893578859444 0.013276319341619521 0.011687382601876356 0.029659303909263791 0.046535319692597388 0.031025998106907027 -0.015245778870537944 0.064099392452677942 0.045719707156014047 0.08972326018509294 -0.014683835572501795 0.015629004809414582 0.011969877083382124 0.026848956079449472
leaf_weight=782.10949665307999 576.75186762213707 4002.111168384552 2109.3058616816998 693.64791968464851 801.68933691084385 2669.4476300626993 4183.5010335445404 1399.5379401147366 3847.3625415116549 2934.4951494634151 7858.2983146756887 1415.2851632833481 9381.3874756544828 599.54306326806545 1202.3700652420521 2006.8967558890581 1361.0129286050797 4692.5912471413612 341.32627514004707 4241.5981561094522 2292.914215311408 762.29160076379776 821.53306858241558 501.74714396893978 74.600848272442818 127.37884317338467 2586.2200450152159 1986.6731597483158 2228.4023397862911 628.15326492488384 148.30580516159534 4734.8577652275562 3704.3221658617258 1051.9437295347452 1615.3531966358423 5027.4621870070696 1213.7055028825998 12909.585586801171 902.58065621554852 2322.2867293655872 1927.5757049322128 873.2037341594696
leaf_count=1942 2682 10041 10827 1211 1972 10791 15181 8393 18212 10396 16975 6582 59432 2137 4802 8314 1809 12496 1911 13421 7807 4868 2699 1822 207 525 13673 2716 12088 2911 697 18976 12478 4181 9467 13993 4082 21097 5073 10873 9080 3475
internal_value=0.0408575 0.0583056 0.00326186 -0.0148558 0.0440788 0.0410954 0.0324989 0.0159819 0.0250692 0.0186817 0.0808643 0.0114673 -0.0202518 0.00745531 0.0584154 0.0306414 0.0738822 0.0714106 0.0340135 0.04297 0.0611867 0.000417856 0.0401265 0.0131212 0.0238773 0.0879683 0.00781282 0.0883945 -0.00947649 0.0107669 0.0616578 0.0355805 0.0374762 0.0151339 -0.00447418 0.0567627 0.0605251 0.0885305 -0.00321008 0.0175903 0.0206181 0.04278
internal_weight=105541 72086.3 33455.1 13799.7 44207 41418.6 27680 19655.4 16191.5 18255.9 27879.3 11386.9 13106 9988.63 13738.6 6868.97 14060.2 12699.2 9259.69 11488.6 12536.2 6992.2 1398.28 6931.79 2996.43 13819.1 4001.51 2788.36 2990.69 6430.04 4840.9 8918.36 7246.97 4899.31 3724.66 8534.08 6241.17 13691.7 1530.73 2396.89 3934.47 4577.53
internal_count=382315 209386 172929 80937 153845 149157 108432 91992 68267 83599 55541 55809 79726 50428 40725 27790 31977 30168 36068 40165 35923 37211 5381 32199 13217 23564 20255 4688 16956 30377 13193 34157 26744 22393 20294 25882 18075 23039 7984 11080 17394 15953
is_linear=0
shrinkage=0.0255234


Tree=4
num_leaves=43
num_cat=0
split_feature=0 4 2 8 2 29 2 20 18 18 20 20 8 14 20 18 2 25 36 22 20 22 16 2 16 2 2 4 14 10 14 14 25 14 21 39 14 22 20 10 36 16
split_gain=107813 24634.4 14852.1 6448.65 3835.58 3446.1 2860.88 2545.12 2047.06 1691.42 1491.84 1425.47 1117.19 1104.52 956.725 944.771 838.853 760.608 692.848 612.231 580.783 765.653 570.928 570.395 496.346 495.518 483.401 478.074 522.001 455.34 431.657 844.969 430.723 415.816 440.025 415.905 418.537 405.567 391.347 380.789 373.741 365.328
threshold=1.0000000180025095e-35 327.50000000000006 3.4304223060607915 19.875000000000004 7.4947896003723153 1.0000000180025095e-35 5.0987727642059335 369.37500000000006 0.044949496164917953 0.0020833333837799732 470.51667785644537 208.70833587646487 19.391666412353519 31.500000000000004 0.19166667014360431 0.027826171368360523 2.4862350225448613 -0.013311184942722319 135.50000000000003 0.46297743916511541 479.96665954589849 0.55463451147079479 1.5000000000000002 1.6562843322753908 4.5000000000000009 3.7412842512130742 3.6899018287658696 677.50000000000011 4.5000000000000009 213.66048431396487 47.500000000000007 42.500000000000007 1.0000000180025095e-35 47.500000000000007 4.6854166984558114 0.6078576147556306 41.500000000000007 0.55463451147079479 134.466667175293 169.55517578125003 1.0000000180025095e-35 4.5000000000000009
decision_type=2 2 2 2 2 2 2 2 2 2 2 2 2 2 2 2 2 2 2 2 2 2 2 2 2 2 2 2 2 2 2 2 2 2 2 2 2 2 2 2 2 2
left_child=1 4 10 6 7 9 14 8 17 -3 12 15 16 38 30 39 19 41 -15 -2 21 40 -10 -24 -7 -19 -25 28 -23 -12 31 -4 -5 34 35 -17 -37 -27 -6 -8 -11 -1
right_child=2 5 3 32 13 24 11 -9 22 20 29 -13 -14 18 -16 33 -18 25 -20 -21 -22 27 23 26 -26 37 -28 -29 -30 -31 -32 -33 -34 -35 -36 36 -38 -39 -40 -41 -42 -43
leaf_value=0.034127134428788869 0.05984205599253728 -0.023221680626886239 0.055644449394915647 0.06215113161238163 0.0076785749925853191 0.019515666608718094 0.029800258272894824 -0.011127675331706166 0.053337816166774868 -0.0063515028182426171 0.010066035652335372 -0.0075455354006807342 0.089714105813768694 0.016284845640828573 0.035009107711505533 0.025861315335732188 0.070250792509246915 -0.0025397780389991233 0.032739803681854765 0.082164870353243546 -0.024980428528183746 0.028100173720445477 -0.00082035864147281853 0.05565180177517022 -0.0061732423723325899 0.087381234166688443 0.037480898083000348 -0.01335035569292428 -0.0042629618202463301 0.083727280309233446 0.062817526058686415 0.014284434109138782 0.089212972695524667 0.051839641599908705 0.049922808868141648 0.052409540389136471 -0.0079826888890369256 0.020018921694702044 -0.023351039412337019 0.049220247691361914 0.022238122763945711 0.019201745487701059
leaf_weight=5408.1705813258886 866.54245607554913 7648.2098735272884 4765.538963213563 444.80617548525333 4488.2753030210733 2575.2948206216097 4698.3757169246674 787.21143755316734 3031.9483121037483 444.25248631834984 275.49267433583736 408.24450063705444 4530.3498937934637 5291.6090368926525 1268.1199471205473 1614.1537754237652 9742.9945533126593 781.53159902989864 2433.5609325021505 10482.816296964884 1044.4282321035862 380.40303011238575 217.60126005113125 1205.3996554464102 605.09435845911503 61.112589865922928 4568.3495898842812 4368.6429006308317 2216.1918008774519 68.202307105064392 6348.5440283566713 345.07943688333035 2763.9266499876976 4198.0075168013573 1910.3422396332026 863.35961717367172 81.842748656868935 1232.0927765071392 281.38050225377083 764.82922826707363 904.02346315979958 1331.3380462676287
leaf_count=20446 2282 48483 13448 1145 21777 11652 18124 4515 9176 2463 1281 2224 6036 24047 4601 6379 21109 4191 9540 17053 6571 1674 1118 3295 3232 133 16263 25698 12049 117 16044 1477 3668 12682 6010 2706 409 5281 1726 2454 4063 5673
internal_value=0.0389798 0.0122014 0.0633218 0.0512363 0.0264457 -0.00975751 0.0472086 0.033785 0.0357671 -0.014318 0.0775059 0.0394734 0.0782144 0.0155056 0.056045 0.0408318 0.0757444 0.0270187 0.0214684 0.0804605 -0.007041 -0.00478726 0.0443128 0.0397456 0.0146281 0.0135055 0.0412745 -0.00819514 0.000478257 0.0246833 0.0583729 0.0528517 0.0854616 0.0460712 0.0406535 0.0337347 0.0471803 0.0232022 0.00584802 0.032519 0.0128179 0.0311787
internal_weight=107748 51306.1 56441.6 30475.2 31119.6 20186.5 27266.4 18624.8 17837.5 17006.2 25966.4 14539.2 25622.7 12494.8 12727.3 14130.9 21092.4 8814.25 7725.17 11349.4 9357.94 8313.51 9023.3 5991.35 3180.39 2074.74 5773.75 6965.24 2596.59 343.695 11459.2 5110.62 3208.73 8667.71 4469.7 2559.36 945.202 1293.21 4769.66 5463.2 1348.28 6739.51
internal_count=382315 243066 139249 91371 127181 115885 86558 70091 65576 101001 47878 50988 46480 57090 35570 48764 40444 35724 33587 19335 52518 45947 29852 20676 14884 9605 19558 39421 13723 1398 30969 14925 4813 28186 15504 9494 3115 5414 23503 20578 6526 26119
is_linear=0
shrinkage=0.0255234


Tree=5
num_leaves=43
num_cat=0
split_feature=0 1 2 4 8 1 1 1 5 5 5 1 20 28 5 12 33 1 8 1 1 1 5 13 9 1 23 13 8 1 1 23 2 1 1 1 45 1 19 23 13 8
split_gain=96926.5 27523.5 13056.4 6157.58 5615.73 3940.43 3365.38 2253.9 2094.86 2055.68 1465.46 1201.45 1199.08 1119 1108.42 1035.93 1129.95 1014.39 1000.77 1358.07 992.6 973.929 805.093 713.173 702.045 603.225 570.177 514.924 498.613 522.133 457.677 454.964 453.205 432.961 429.276 415.259 396.107 379.915 379.437 362.466 357.981 355.093
threshold=1.0000000180025095e-35 -0.070538349449634538 3.5279158353805546 183.50000000000003 19.108333587646488 -0.15166730433702466 -0.17257089912891385 -0.051946073770523064 478.19166564941412 478.19166564941412 478.19166564941412 -0.29971133172512049 0.4083333313465119 7.6416666507720956 314.74166870117193 1.0000000180025095e-35 1360.5166625976565 -0.11008065193891524 19.875000000000004 -0.31835797429084772 -0.10528176650404929 -0.13514140248298642 478.19166564941412 -0.034549290314316743 10.01042699813843 -0.2593772411346435 2.7198054790496831 -0.026217680424451825 9.4083333015441912 -0.12099746614694594 -0.022378266789019104 2.1747730970382695 4.7598242759704599 -0.19161341339349744 -0.094132833182811723 -0.19504465162754056 -0.37370252609252924 1.0000000180025095e-35 1.0000000180025095e-35 1.6179502606391909 -0.029462898150086399 9.2249999046325701
decision_type=2 2 2 2 2 2 2 2 2 2 2 2 2 2 2 2 2 2 2 2 2 2 2 2 2 2 2 2 2 2 2 2 2 2 2 2 2 2 2 2 2 2
left_child=1 3 8 5 6 12 22 27 18 11 13 -5 25 28 20 16 17 -13 19 -2 32 -17 36 38 34 -1 41 -3 29 39 -9 33 40 -27 -22 -25 -4 -6 -18 -8 -7 -21
right_child=2 7 4 9 37 14 10 30 -10 -11 -12 15 -14 -15 -16 21 23 -19 -20 26 24 -23 -24 35 -26 31 -28 -29 -30 -31 -32 -33 -34 -35 -36 -37 -38 -39 -40 -41 -42 -43
leaf_value=0.059725183707008453 0.077157859334212264 0.0026325754541518856 0.05137331510607019 0.07690405202161131 0.058218576860137518 0.057022602952652199 0.017441604988230559 -0.017830846855315378 0.02522476168190993 -0.017990925364371649 -0.0056105432316790084 0.028869771203092007 0.022043584379385469 0.048119313837744676 -0.010730800175043943 0.047784781149426261 0.0026368032347346636 0.0040925985894626482 0.084179900071084376 0.056339544330440541 0.0057892866314581265 0.016367440318820262 0.017215019114750801 -0.027181004506113944 0.054300084168104952 0.055422306332283622 0.071135244182361265 -0.014589653121108227 0.055875795438996227 0.027548801564415366 -0.029850022280099572 0.045832095513823834 0.028233772053190324 -0.00029984187589953787 0.020063434720039495 -0.0039610563237649429 0.062822083562122627 0.083276039804899574 0.02893151157206587 0.04076255774960192 0.020992793000397005 0.073395268401920566
leaf_weight=2135.3024841099977 11972.001699522138 2829.0457423776388 3048.7502951920033 190.01772612333298 457.96269787847996 670.16744405031204 474.71721361577511 3075.0284457653761 597.51137709617615 1546.4898827075958 485.11273826658726 2197.605563595891 1341.6289066821337 6174.3196735978127 611.44402997195721 844.05560550093651 980.75266760587692 2109.8381429165602 4750.824210062623 4791.2166043817997 2163.528470620513 2695.6168669015169 314.89521312713623 654.57850180566311 309.13058644533157 135.16803166270256 4731.6458130478859 1884.1623367518187 678.22944357991219 5256.2071929723024 6276.6815804094076 5207.6179238408804 6782.102826744318 276.98103806376457 3753.9339898228645 2148.7574808746576 5557.0055248141289 2830.1463927924633 562.57297261059284 5082.2489922195673 245.43627423048019 953.45467445254326
leaf_count=5294 19419 14426 8467 450 1154 1868 1979 18828 2214 9295 2550 9188 5434 18367 3439 2791 5064 10759 6071 11587 10249 12146 1335 4233 935 379 8987 11058 1756 19953 41850 16461 26533 1301 16108 11621 13326 3661 2398 16721 958 1702
internal_value=0.0372642 0.0118107 0.0598603 0.0232142 0.0482885 0.0311482 0.0444628 -0.0186443 0.072499 0.0097544 0.038154 0.0132192 0.0443227 0.0393558 0.0229034 0.0122268 0.00746903 0.0167336 0.0735376 0.0712853 0.0243804 0.0238591 0.0572994 -0.00171196 0.0168034 0.048177 0.0645743 -0.00425222 0.0346471 0.0333156 -0.0258979 0.0437891 0.0305093 0.0179747 0.0148446 -0.00938291 0.0587661 0.0797861 0.0122218 0.0387703 0.0473645 0.0591703
internal_weight=109784 51627.6 58156.2 37562.7 30359.6 23632.4 27071.5 14064.9 27796.7 13930.3 18150.8 12383.8 9096.7 17665.7 14535.7 12193.8 8654.11 4307.44 27199.1 22448.3 13924.3 3539.67 8920.65 4346.66 6226.59 7755.07 10476.3 4713.21 11491.4 10813.2 9351.71 5619.77 7697.71 412.149 5917.46 2803.34 8605.76 3288.11 1543.33 5556.97 915.604 5744.67
internal_count=382315 243066 139249 156904 89269 88959 84454 86162 49980 67945 61326 58650 28869 58776 60090 58200 43263 19947 47766 41695 56651 14937 23128 23316 27292 23435 22276 25484 40409 38653 60678 18141 29359 1680 26357 15854 21793 4815 7462 18700 2826 13289
is_linear=0
shrinkage=0.0255234


Tree=6
num_leaves=43
num_cat=0
split_feature=7 2 1 1 1 1 20 1 1 6 20 9 2 2 19 21 1 23 1 1 1 8 1 8 46 21 6 20 43 2 1 40 12 16 1 16 40 32 1 43 7 31
split_gain=76394.5 24564.1 11864 6759.89 6503.24 6439.23 3530.26 2626.4 2366.39 2247.66 2040.64 1846.2 1990.06 1677.83 1421.59 1205.17 1084.83 1073.89 983.238 902.479 889.898 793.481 813.697 756.145 708.719 703.15 622.551 607.074 581.792 536.18 513.727 496.076 487.155 480.561 458.668 444.186 441.708 414.449 387.211 364.652 350.078 333.685
threshold=0.11867516115307809 3.6163983345031743 -0.071958217769861207 1.0000000180025095e-35 1.0000000180025095e-35 -0.17257089912891385 260.78334045410162 -0.10975864157080649 -0.053223080933094018 99.97900772094728 383.46667480468756 0.43036219477653509 8.457405090332033 2.4862350225448613 1.0000000180025095e-35 13.640972137451174 -0.21283359080553052 2.1068015098571782 -0.071379244327545152 -0.14545774459838864 -0.1307784020900726 19.875000000000004 -0.26776459813117975 19.875000000000004 8.0833334922790545 0.43653063476085668 58.289493560791023 49.141668319702156 1.0000000180025095e-35 4.7598242759704599 -0.2593772411346435 1.0000000180025095e-35 15.500000000000002 4.5000000000000009 -0.022378266789019104 2.5000000000000004 1.0000000180025095e-35 24.500000000000004 -0.19504465162754056 1.0000000180025095e-35 1.3614177703857424 1.0000000180025095e-35
decision_type=2 2 2 2 2 2 2 2 2 2 2 2 2 2 2 2 2 2 2 2 2 2 2 2 2 2 2 2 2 2 2 2 2 2 2 2 2 2 2 2 2 2
left_child=2 9 11 5 8 10 7 17 39 13 30 16 14 40 32 18 37 -7 25 -14 -16 22 28 -5 31 -9 -21 -18 -15 -27 -3 35 38 36 -10 -19 -32 -1 -13 -4 -2 -26
right_child=1 3 4 23 -6 6 -8 15 34 -11 -12 12 19 21 20 -17 27 24 -20 26 -22 -23 -24 -25 41 29 -28 -29 -30 -31 33 -33 -34 -35 -36 -37 -38 -39 -40 -41 -42 -43
leaf_value=0.0070393473880669506 0.075171264014164976 0.058907333370474622 -0.0070138147454061753 0.054629007393381716 0.071306481920545353 0.020154864273559371 -0.012342660331813053 -0.00022761906704604312 -0.017546818089647129 0.008473601002932294 -0.0029864504784122992 -0.022525139043682373 0.037860068777743845 0.06566093368571789 0.044394435617347447 0.048943494359056247 0.032010324780374855 0.043481895068291122 0.0014137631644842597 0.020409045313057664 0.010138640998309851 0.077582242971540705 0.052133714174601387 0.078636826236309576 0.044225083234164415 0.043852248181886926 -0.003092171814937956 -0.010475683515014761 0.0091246784023111746 0.022069009071108505 0.053501063569900011 0.024550134751948425 0.055455452062195307 0.034196740232619129 -0.029655467431396187 0.032090758033582571 0.032695683035728423 0.066153374361539258 -0.0032987069612854698 0.010097184947210828 0.059056683886926344 0.065985766587116898
leaf_weight=85.807463720440865 13673.342281058431 4669.0725160688162 3183.77721349895 1292.6247067600489 548.51974274218082 2325.231334194541 1298.7201088815928 834.80317836999893 3048.565136179328 420.26583415269852 452.10019777715206 859.65906496345997 1792.3396946340799 8443.2450261563063 588.90209272503853 909.16732543706894 1171.5251940786839 4442.1822085082531 1845.3410297185183 5889.0399528443813 3066.451419711113 1903.0708937495947 5288.3398572355509 2522.2113513797522 4904.3821902126074 826.92617110908031 838.89670637249947 269.49080441892147 120.26380786299706 6702.8256434649229 5695.8650141209364 2335.6470501422882 82.268495112657547 1325.0835546255112 6147.2101215571165 4478.0406408905983 752.5911685526371 775.86719535291195 3309.0613711178303 1088.8123559504747 938.50551085174084 506.46761940419674
leaf_count=427 19697 10938 17511 3208 896 9304 7511 4006 18812 1978 2393 5492 6324 16276 2135 2734 4348 13940 8951 24833 14918 2460 13084 3134 14830 2539 4356 1503 452 26873 14966 8838 267 4347 41773 15739 2494 1783 17915 5341 1848 1141
internal_value=0.0356909 0.0492916 0.00291831 0.0379007 -0.0148403 0.0350936 0.028859 0.0306361 -0.0183487 0.0670952 0.0502801 0.0162087 0.0132084 0.0679065 0.0039862 0.0207845 0.0376117 0.0364038 0.018277 0.0217662 0.0156575 0.0621288 0.0600057 0.070502 0.0386708 0.0219973 0.0174787 0.0240648 0.064867 0.0244613 0.0522155 0.0350216 -0.00604973 0.0481962 -0.0256412 0.0377634 0.0510729 0.0602667 -0.00726352 -0.0026533 0.0741362 0.0462619
internal_weight=111653 78906.3 32746.2 48119.3 14016.9 44304.4 31409.7 30111 13468.4 30787 12894.7 18729.3 16426.6 30366.8 7906.34 11119.1 2302.69 18992 10209.9 8520.28 3655.35 15754.9 13851.8 3814.84 16666.7 8364.55 6727.94 1441.02 8563.51 7529.75 12442.6 11255.9 4250.99 7773.54 9195.78 8920.22 6448.46 861.675 4168.72 4272.59 14611.8 5410.85
internal_count=382315 213681 168634 157886 84333 151544 116406 108895 83437 55795 35138 84301 76240 53817 40727 45103 8061 63792 42369 35513 17053 32272 29812 6342 54488 33418 29189 5851 16728 29412 32745 38517 23674 21807 60585 29679 17460 2210 23407 22852 21545 15971
is_linear=0
shrinkage=0.0255234


Tree=7
num_leaves=43
num_cat=0
split_feature=0 7 2 13 3 30 2 2 12 15 18 30 3 30 15 18 2 24 15 12 2 25 7 22 2 9 12 24 10 22 23 13 23 23 42 23 7 22 22 16 22 23
split_gain=80473.9 18699.4 10313.8 5997.52 4828.89 3272.55 2448.03 2133.69 1494.61 1170.77 1034.79 990.508 959.738 828.312 817.1 779.696 667.09 636.531 595.799 583.412 572.696 550.302 536.676 533.177 500.721 474.899 456.24 447.418 442.559 382.984 377.076 354.286 361.778 352.024 346.191 339.164 337.117 335.11 333.751 344.127 331.696 310.355
threshold=1.0000000180025095e-35 0.093049075454473509 3.4304223060607915 -0.011901135090738533 20.058333396911625 119.99166488647462 6.9052612781524667 5.0987727642059335 1.0000000180025095e-35 99.979160308837905 0.0152789568528533 119.99166488647462 12.091666698455812 119.99166488647462 99.979160308837905 0.027826171368360523 3.6422643661499028 3.9083334207534794 99.979160308837905 1.0000000180025095e-35 2.2949321269989018 -0.013875137548893688 1.1493479609489443 0.53899756073951732 9.9964184761047381 0.29808659851551061 1.5000000000000002 0.55833333730697643 59.583776473999031 3.1796127557754521 6.6480395793914804 -0.052176315337419503 3.0621377229690556 2.1068015098571782 6.6503472328186044 2.8102337121963505 0.24356250464916232 1.0960540771484377 3.1796127557754521 3.5000000000000004 2.9119265079498295 2.1310834884643559
decision_type=2 2 2 2 2 2 2 2 2 2 2 2 2 2 2 2 2 2 2 2 2 2 2 2 2 2 2 2 2 2 2 2 2 2 2 2 2 2 2 2 2 2
left_child=1 3 12 9 7 6 16 27 24 10 19 15 13 20 -7 30 -3 -18 -15 -1 25 28 -22 -12 -5 -2 -25 -4 37 34 40 38 -33 -10 -21 -17 -23 -8 39 -30 -9 -19
right_child=2 5 4 8 -6 14 21 11 33 -11 23 -13 -14 18 -16 35 17 41 -20 29 22 36 -24 26 -26 -27 -28 -29 31 -31 -32 32 -34 -35 -36 -37 -38 -39 -40 -41 -42 -43
leaf_value=-0.0026208999952503135 0.050450985592925039 0.049418723122861968 0.040306003283088671 -0.022803347168221761 0.075273993910970755 0.018174543630020371 0.028355947545133368 0.028523529845153026 0.046801126307528675 -0.018753193856891767 0.036432213662030269 0.0049862552382617612 0.075054959989409489 0.056891010626068883 -0.014997618196734737 0.03726575919302634 0.027473686041315341 0.019657324908789867 0.020130613556263183 0.0091144108136111471 0.061421935246131598 0.011754870331904298 0.029402568825466508 0.0086978409236913561 -0.0024379921592017763 0.07049547848783827 0.026032044711536025 0.051019402273149238 0.037975016476807212 0.056297902559388054 -0.015344526919782277 0.015983261831436425 0.039469374630750585 0.0056429931985066371 0.096151396730762465 0.047645654812595091 -0.023066042070332683 -0.0065904310719190349 -0.0072323664581510436 0.020747961901529832 0.063174620845620311 0.040959205638347422
leaf_weight=5019.4863501191139 841.8443333953619 1957.0004779994488 3334.7600043416023 9617.5601242184639 2985.5288366377354 722.92305994033813 265.22777262330055 5388.0255347192287 166.79741232097149 1107.3561002314091 781.5420830398798 696.18978436291218 5389.2314497977495 733.48404094576836 1462.0146933346987 6195.0732210278511 6003.048733189702 484.80450513958931 472.08289863169193 2297.2977418750525 11662.518241271377 2404.9876668900251 351.27995385229588 3424.6966981738806 856.52729155123234 9022.4735358655453 1390.8772067427635 10647.782909736037 2218.3275911211967 123.88403898477554 123.86071561276913 3187.0076390653849 493.41531048715115 718.60180458426476 30.161304324865341 3065.4267248362303 195.87610138952732 548.27956596016884 146.59925204515457 1145.4532591998577 186.18210652470589 5503.5865991264582
leaf_count=27184 2058 4864 9793 63279 3534 2921 1005 19227 538 6751 2813 3289 6700 1453 8605 19475 21707 1897 1790 10897 21950 10865 1075 16687 4462 12852 5673 26384 7736 396 620 13466 1690 3495 64 8580 1119 2794 726 4598 469 16834
internal_value=0.034241 0.010993 0.0541318 -0.00462821 0.0443347 0.025911 0.0285746 0.041218 -0.0184462 0.00644495 0.0085802 0.0347458 0.0653568 0.0630926 -0.00402205 0.0361308 0.0356019 0.033347 0.0424962 0.00236351 0.0642276 0.0193321 0.0604857 0.016878 -0.021138 0.0687848 0.0137045 0.0484643 0.0226462 0.0125698 0.0287022 0.0246649 0.0191319 0.0133966 0.0102423 0.0407017 0.00913244 0.00480312 0.0304658 0.0321088 0.0296809 0.0392347
internal_weight=113369 52273.3 61095.7 25534.8 32622.8 26738.6 24553.6 29637.3 11359.5 14175.3 13067.9 15654.8 28472.9 23083.7 2184.94 14958.6 13948.4 11991.4 1205.57 7470.83 21878.1 10605.2 12013.8 5597.12 10474.1 9864.32 4815.57 13982.5 8004.31 2451.34 5698.07 7190.8 3680.42 885.399 2327.46 9260.5 2600.86 813.507 3510.38 3363.78 5574.21 5988.39
internal_count=382315 243066 139249 142239 91371 100827 89301 87837 71774 70465 63714 51660 47878 41178 11526 48371 45302 40438 3243 38541 37935 43999 23025 25173 67741 14910 22360 36177 32015 11357 20316 28216 15156 4033 10961 28055 11984 3799 13060 12334 19696 18731
is_linear=0
shrinkage=0.0255234


Tree=8
num_leaves=43
num_cat=0
split_feature=0 1 2 4 3 1 1 1 5 10 1 5 28 5 5 13 5 12 3 1 1 5 1 36 1 27 13 13 3 1 1 23 2 19 14 22 23 14 1 14 21 14
split_gain=73463.8 23320.2 9370.17 4771.95 4414.01 3066.47 2693.95 2103.76 1828.07 1577.04 2208.57 1495.41 1226.37 954.203 909.519 828.931 796.252 735.47 729.32 987.047 726.56 667.391 623.555 623.168 577.414 566.329 563.514 466.592 455.014 465.579 447.869 443.544 380.532 374.814 374.489 367.921 360.275 388.092 353.328 459.328 345.968 341.863
threshold=1.0000000180025095e-35 -0.070538349449634538 3.4304223060607915 183.50000000000003 20.058333396911625 -0.15166730433702466 -0.17257089912891385 -0.051946073770523064 478.19166564941412 155.26004791259768 -0.10759916901588439 478.19166564941412 7.1416666507720956 478.19166564941412 369.73750305175787 -0.025996056385338303 478.19166564941412 1.0000000180025095e-35 19.85000038146973 -0.31835797429084772 -0.21283359080553052 478.19166564941412 -0.2593772411346435 131.50000000000003 -0.10332196578383444 417.50000000000006 -0.033147690817713731 -0.019072797149419781 5.9249999523162851 -0.12099746614694594 -0.022378266789019104 2.7198054790496831 4.806448459625245 14.500000000000002 1.0000000180025095e-35 1.0863696336746218 2.1747730970382695 57.500000000000007 -0.26776459813117975 38.500000000000007 12.767361164093019 51.500000000000007
decision_type=2 2 2 2 2 2 2 2 2 2 2 2 2 2 2 2 2 2 2 2 2 2 2 2 2 2 2 2 2 2 2 2 2 2 2 2 2 2 2 2 2 2
left_child=1 3 11 5 6 16 21 27 9 10 20 18 13 28 15 23 22 25 19 -2 -5 38 -1 24 -7 -11 -27 34 29 -8 -9 -21 -25 -22 -3 -36 37 -24 -4 -40 -12 -17
right_child=2 7 4 8 -6 14 12 30 -10 17 40 -13 -14 -15 -16 41 -18 -19 -20 31 33 -23 36 32 -26 26 -28 -29 -30 -31 -32 -33 -34 -35 35 -37 -38 -39 39 -41 -42 -43
leaf_value=0.05138079014304394 0.065945177634737506 -0.019386413958030733 0.057118458718857353 0.057912943977532709 0.071575278893187863 0.026894544786302686 0.034151568922957794 -0.017242109919311424 -0.017562595423207528 0.020944433303824245 0.0040521669955291386 0.022224769921871883 0.042310857091875279 -0.00564928827056201 -0.011258996299692684 0.0078658196416636159 -0.00049746591192824244 0.025444142287098785 0.072853325063851018 0.050898849180476262 0.024058073941829631 0.015024509594316969 -0.003604085706818885 0.052297511568217436 0.012084267006337504 0.0050739518192784551 -0.019683314002800552 -0.015932854842458405 0.049859824803657402 0.023815615291523637 -0.029339073958817831 0.061235839199208407 0.030123007894206046 0.050751106943676919 0.012525825555691218 -0.0067151835764586061 0.037879795922054434 0.041259148301993204 0.035517543849954689 0.051384844358873416 0.050244534822175807 0.027945787445935535
leaf_weight=2378.2557186186314 13468.268940672278 483.94869235157967 3880.642379924655 550.67301428318024 3058.6751900315285 4179.7294724136591 5962.0504277795553 2996.3726683557034 1517.3771937042475 410.64541511237621 4392.4271926283836 597.7516882866621 7138.3465130478144 495.33420749008656 572.04530835151672 3164.1999507695436 325.7094679325819 535.78132966160774 4188.6182405650616 5928.1692164689302 3571.9781570881605 345.9980036765337 292.69680123031139 606.60599629580975 2908.0405490398407 908.12830251455307 1759.0891160070896 1505.1305307298899 741.86361937224865 5419.9012182801962 5958.610434487462 4972.1954867243767 2984.9724753350019 379.05240325629711 1651.6517597138882 1064.7668699622154 6435.838584125042 220.04508464038372 1599.8724738359451 4622.0422022342682 108.22927348315716 669.14109690487385
leaf_count=5508 19922 2809 8039 1463 3534 15471 18862 18828 9295 1868 21679 2111 19901 2586 3289 13982 1613 2127 4718 12560 14571 1410 1349 1531 12783 4580 10811 9092 1716 19766 41850 8567 10605 1186 7794 5789 19737 662 4720 10837 365 2429
internal_value=0.0328974 0.0106555 0.0516157 0.0207369 0.0423577 0.0274965 0.0393992 -0.0180308 0.00890568 0.0120891 0.0178065 0.0621787 0.0338561 0.0290735 0.0203081 0.0215523 0.0387304 -0.00215396 0.063015 0.061324 0.030447 0.0498807 0.0401003 0.025207 0.020818 -0.00695812 -0.011254 -0.00421313 0.0304921 0.0292298 -0.0252914 0.0556141 0.0338682 0.0266189 0.00129865 0.00498384 0.0362394 0.0156491 0.0510745 0.0473048 0.00516298 0.0113709
internal_weight=114951 52531.1 62419.7 38870.7 33264.7 24737.3 30206.1 13660.5 14133.4 12616 9002.36 29155 19757.5 12619.1 15084.7 14512.7 9652.55 3613.64 28557.3 24368.6 4501.7 10448.6 9326.84 10679.3 7087.77 3077.86 2667.22 4705.5 12123.8 11382 8954.98 10900.4 3591.58 3951.03 3200.37 2716.42 6948.58 512.742 10102.6 6221.91 4500.66 3833.34
internal_count=382315 243066 139249 156904 91371 88959 87837 86162 67945 58650 39264 47878 62831 42930 60090 56801 28869 19386 45767 41049 17220 25006 27256 40390 28254 17259 15391 25484 40344 38628 60678 21127 12136 15757 16392 13583 21748 2011 23596 15557 22044 16411
is_linear=0
shrinkage=0.0255234


Tree=9
num_leaves=43
num_cat=0
split_feature=17 2 1 3 3 1 2 5 1 17 1 1 2 10 3 1 1 5 6 1 34 5 1 41 14 24 36 3 19 43 9 41 13 2 1 1 23 1 14 14 1 29
split_gain=61061.6 18551.1 8948.86 7907.66 4079.93 4353.64 2750.41 2729.7 1788.85 1636.38 1627.65 1578.94 1221.34 1239.91 1032.52 1027.87 927.085 923.364 914.803 701.346 607.087 574.188 534.881 529.01 507.988 495.395 493.58 452.747 445.144 437.967 431.649 426.108 421.847 413.894 410.124 396.682 395.544 394.824 380.946 425.222 375.486 365.533
threshold=4.8125000000000009 4.3898940086364755 -0.070538349449634538 0.50833332538604747 5.9249999523162851 -0.16044903546571729 3.0703127384185795 478.19166564941412 -0.051946073770523064 0.89583334326744091 -0.30850790441036219 -0.10528176650404929 1.8582112789154055 155.26004791259768 13.358333587646486 -0.10807484388351439 -0.12687272578477857 478.19166564941412 2.6952887773513798 -0.26776459813117975 1.0000000180025095e-35 423.91249084472662 -0.070538349449634538 1.0000000180025095e-35 25.500000000000004 6.1583333015441903 432.50000000000006 20.058333396911625 1.0000000180025095e-35 1.0000000180025095e-35 3.7679473161697392 1.0000000180025095e-35 -0.026217680424451825 7.0112245082855233 -0.19504465162754056 -0.27945937216281885 2.5308381319046025 -0.022378266789019104 47.500000000000007 80.500000000000014 -0.2593772411346435 0.97916665673255932
decision_type=2 2 2 2 2 2 2 2 2 2 2 2 2 2 2 2 2 2 2 2 2 2 2 2 2 2 2 2 2 2 2 2 2 2 2 2 2 2 2 2 2 2
left_child=1 6 7 8 5 18 17 10 32 23 -2 21 13 15 19 28 36 24 40 29 34 -11 26 38 -1 -21 -13 35 30 -8 -12 -17 -4 -18 -15 -26 -14 -10 -7 -40 -3 -32
right_child=2 4 3 -5 -6 9 14 -9 37 11 12 22 16 20 -16 31 33 -19 -20 25 -22 -23 -24 -25 27 -27 -28 -29 -30 -31 41 -33 -34 -35 -36 -37 -38 -39 39 -41 -42 -43
leaf_value=0.066118372138714465 0.064217151424788468 0.05367559359065685 0.0032474575627162807 0.061916930257746972 0.062876386056929023 0.029079421874125454 0.053453143963699587 -0.015953370912035827 -0.017437723580397139 0.026579854368158726 0.025207352131202745 0.01116467946304182 0.020595240801492404 -0.027239502116871792 0.066258682380009273 0.0097189746263293287 0.029976354710208094 0.025163112075736547 0.020456137554447994 0.035625505422995911 0.030744170317469493 -0.0070364095465380479 -0.0045878796268968465 0.01896560449870412 0.059817226121198712 0.047217937495822593 0.0556304913270926 0.069270918488745725 0.037488179473619411 0.012595563770714854 -0.012480158666988995 -0.013514809405494871 -0.014236633168847023 0.010467715541565271 -0.00363684310255225 0.050692233328903359 0.036358496812221787 -0.029151757187986699 0.042346690237659183 0.0079949443610737095 0.041846935159284317 0.096743873748959139
leaf_weight=8756.267383903265 447.96840840578079 2226.7825227826834 2132.482690602541 840.79740978777409 2454.0481894165277 5171.8547609448433 5634.250703305006 1900.8991292268038 2764.7566616237164 8127.075725466013 1047.8151542693377 5241.9686265438795 1721.3685775995255 637.16374783217907 1682.8448896110058 2779.8160893321037 858.90357722342014 472.90396757423878 1156.5756530612707 5187.7992995083332 270.14031876623631 345.05678437650204 1520.9530244469643 2003.2113837152719 9400.1121279001236 4471.303476318717 167.83001001179218 2194.600436270237 1270.991965264082 176.25982910394669 361.87930950522423 630.94653515517712 1554.1316768676043 4044.5626247823238 1939.2764858901501 4633.2487111538649 2608.3677284568548 5820.6782928705215 3319.3454948812723 252.60995179414749 8135.0303478389978 21.125524818897247
leaf_count=11665 876 4788 10827 1254 3580 17222 11205 11546 17696 28652 4171 22534 6562 4362 2115 13269 3052 1567 4265 14640 1020 1922 7818 7245 14732 10485 433 2433 4489 602 1995 3526 9467 18039 10706 9105 8346 41693 9134 1002 22242 33
internal_value=0.031653 0.0434441 0.00266692 -0.0138059 0.030989 0.0289116 0.0551722 0.0131826 -0.0189939 0.0231527 0.0161539 0.0178195 0.0149704 0.00825675 0.0472723 0.0147364 0.0214847 0.060495 0.0419858 0.0452068 -0.00565718 0.0252107 0.00878453 0.0307964 0.0611638 0.0409918 0.0125442 0.0584904 0.026496 0.0522137 0.0167317 0.00542103 -0.00412315 0.0138849 -0.00947388 0.0568045 0.0300915 -0.0253795 0.0335068 0.0399173 0.0443889 -0.00645563
internal_weight=116386 82731.9 33654.1 13112.8 40122.3 37668.3 42609.6 20541.2 12272 26149.9 18640.3 15402.9 18192.4 8959.16 17152.5 6112.57 9233.2 25457.1 11518.4 15469.6 2846.58 8472.13 6930.75 10747 24984.2 9659.1 5409.8 16228 2701.81 5810.51 1430.82 3410.76 3686.61 4903.47 2576.44 14033.4 4329.74 8585.43 8743.81 3571.96 10361.8 383.005
internal_count=382315 209386 172929 80937 130837 127257 78549 91992 79683 95962 80446 61359 79570 43571 39047 27483 35999 39502 31295 36932 16088 30574 30785 34603 37935 25125 22967 26270 10688 11807 6199 16795 20294 21091 15068 23837 14908 59389 27358 10136 27030 2028
is_linear=0
shrinkage=0.0255234


Tree=10
num_leaves=43
num_cat=0
split_feature=17 2 1 1 2 1 1 5 1 1 8 7 9 1 5 5 1 19 1 5 1 1 5 1 25 21 14 23 43 8 1 17 31 14 21 1 1 43 22 42 7 17
split_gain=57182.9 17161.2 7832.02 7729.69 3689.92 3084.08 3014.65 2707.29 1797.35 1516.82 1206.97 1148.85 1134.33 1055.82 1005.52 940.624 942.061 918.191 811.667 787.723 783.749 640.057 631.208 598.306 529.164 691.723 510.202 505.239 478.617 441.898 744.963 440.857 638.457 428.01 387.652 367.138 414.162 360.125 353.332 431.64 349.96 347.578
threshold=4.8125000000000009 4.8107554912567148 -0.070538349449634538 1.0000000180025095e-35 3.089443683624268 1.0000000180025095e-35 -0.12099746614694594 478.19166564941412 -0.022378266789019104 -0.30850790441036219 13.425000190734865 0.086874913424253478 0.43036219477653509 -0.065198127180337892 478.19166564941412 478.19166564941412 -0.17181880027055738 1.0000000180025095e-35 -0.26776459813117975 478.19166564941412 -0.13514140248298642 -0.19504465162754056 314.74166870117193 -0.12687272578477857 -0.040138889104127877 2.5340278148651127 36.500000000000007 1.6179502606391909 1.0000000180025095e-35 12.091666698455812 -0.29971133172512049 0.68750000000000011 1.0000000180025095e-35 35.500000000000007 8.8437500000000018 -0.058141656219959252 -0.058594020083546632 1.0000000180025095e-35 1.1988213062286379 0.047569444403052337 0.7146672010421754 7.7708332538604745
decision_type=2 2 2 2 2 2 2 2 2 2 2 2 2 2 2 2 2 2 2 2 2 2 2 2 2 2 2 2 2 2 2 2 2 2 2 2 2 2 2 2 2 2
left_child=1 4 7 8 19 6 15 9 28 -2 14 12 -11 22 18 16 -3 21 37 29 -19 -14 24 -13 25 -8 33 -28 35 30 -1 -18 -33 -20 -25 36 -4 -6 39 -30 -15 -23
right_child=2 5 3 -5 10 -7 13 -9 -10 11 -12 23 17 40 -16 -17 31 20 26 -21 -22 41 -24 34 -26 -27 27 -29 38 -31 -32 32 -34 -35 -36 -37 -38 -39 -40 -41 -42 -43
leaf_value=0.059979737707050236 0.061272498077548004 0.043039431253190999 -0.0071152475241052695 0.059383256184083251 0.051656535462448215 0.05816347150970811 0.014335186402442536 -0.016959686872005983 -0.028711668561972509 0.031226909138161979 0.060029498810088663 0.029195488547712072 -0.023171666511835613 -0.0046314042994935085 0.0087912442665014114 -0.0037449958318685212 0.036584946939822741 0.038839467445473827 0.033785220457282689 0.026019167691540362 0.0096484515674201809 0.022840458609523127 -0.010970164122313364 0.011060507877955565 0.016753087224610077 0.034534597473225119 0.019002064438748262 0.044081964336656079 0.0011392874075078141 0.064724163195116993 0.049009533276918704 0.024614537130555829 0.058040858546857074 -0.0060029740557926547 0.037532452428809163 -0.018438419594702781 0.042305164302597092 0.015090370705104128 -0.019391693692167668 0.036637721583599021 0.031299003831689584 -0.00050729603329275513
leaf_weight=13903.35985250771 454.32587240636349 5257.590115532279 1579.279613956809 895.88563653826714 6095.7904524356127 2064.0671300888062 1686.296314895153 1875.3464005291462 5722.602448746562 1318.4693839848042 2745.0156687796116 3706.7297067940235 772.15879692137241 1630.8039707541466 576.58706639707088 440.08628974854946 4300.6132668703794 695.61567407846451 3925.0447387397289 491.12690980732441 4321.9440649300814 468.79000896215439 414.81181855499744 2936.3452834635973 7437.8082539141178 3200.6116348654032 554.07114826142788 9412.078977689147 1025.7497711181641 5981.6727578341961 5680.0467882603407 7169.9991206526756 392.63245861232281 184.39972026646137 410.7842552959919 3082.0812432765961 118.77565078437328 180.65792870521545 369.66112597286701 285.18015988171101 198.03673450648785 3645.432625412941
leaf_count=19994 867 13362 8908 1302 11837 3187 6688 11567 41756 4626 3925 12350 5183 8105 2430 2275 12376 2359 11152 1586 20227 1879 2296 12576 29231 10106 1917 22604 5580 7139 10935 24722 906 738 1363 19788 443 591 2272 1174 680 19072
internal_value=0.0305645 0.0418399 0.00247306 -0.0129746 0.0514104 0.0279209 0.025978 0.0122781 -0.0182953 0.0152055 0.0441165 0.0140603 0.00898693 0.0173943 0.0420293 0.033099 0.034046 0.00602621 0.0429709 0.0580374 0.0136954 -0.00184884 0.0199977 0.0221319 0.02104 0.0275645 0.0395673 0.0426876 -0.00906898 0.0586525 0.0567979 0.0300603 0.0263499 0.0319998 0.0143093 -0.0131881 -0.00365838 0.050604 0.00264706 0.00886164 -0.000740661 0.00215303
internal_weight=117608 83923.2 33685.2 13079.2 49729.9 34193.4 32129.3 20605.9 12183.3 18730.6 23673.6 18276.3 11222.4 14568.4 20928.6 17560.9 17120.8 9903.94 20352 26056.2 5017.56 4886.38 12739.5 7053.86 12324.7 4886.91 14075.6 9966.15 6460.73 25565.1 19583.4 11863.2 7562.63 4109.44 3347.13 4780.14 1698.06 6276.45 1680.59 1310.93 1828.84 4114.22
internal_count=382074 208782 173292 81223 94848 113934 110747 92069 79921 80502 55194 79635 53346 57106 51269 53641 51366 48720 48839 39654 22586 26134 48321 26289 46025 16794 36411 24521 38165 38068 30929 38004 25628 11890 13939 29139 9351 12428 9026 6754 8785 20951
is_linear=0
shrinkage=0.0255234


Tree=11
num_leaves=43
num_cat=0
split_feature=0 4 11 5 25 29 25 3 0 5 25 14 39 5 22 26 44 25 43 7 45 39 25 5 14 42 4 39 25 42 27 36 33 21 27 22 6 21 38 43 25 29
split_gain=57305 16294.9 5276.37 2684.17 2535.79 2492.55 2469.8 1960.42 1581.38 1483.88 1337.72 1201.78 834.848 825.417 783.441 516.769 506.862 487.181 637.656 471.783 423.383 381.581 366.344 365.039 359.162 371.656 353.108 442.623 346.79 342.797 323.382 313.209 301.75 298.598 298.336 379.959 298.318 289.674 286.962 286.055 286.49 411.578
threshold=1.0000000180025095e-35 327.50000000000006 1.0000000180025095e-35 478.19166564941412 -0.048499103635549538 1.0000000180025095e-35 -0.013916556257754563 20.058333396911625 2.5000000000000004 478.19166564941412 -0.0027993262046948071 36.500000000000007 -1.0000000180025095e-35 478.19166564941412 0.52960634231567394 5.0083334445953378 1.0000000180025095e-35 -0.083261121064424501 1.0000000180025095e-35 0.2107186168432236 -0.38703311979770655 -0.60785761475563038 -0.048499103635549538 478.19166564941412 36.500000000000007 0.92569443583488475 169.50000000000003 -1.0000000180025095e-35 -0.076009571552276597 0.38437500596046453 164.50000000000003 1.5000000000000002 41.108331680297859 16.621527671813968 85.500000000000014 1.1110594272613528 3.2277957201004033 0.41021825373172766 1.0000000180025095e-35 1.0000000180025095e-35 -0.063690479844808565 0.89583334326744091
decision_type=2 2 2 2 2 2 2 2 2 2 2 2 2 2 2 2 2 2 2 2 2 2 2 2 2 2 2 2 2 2 2 2 2 2 2 2 2 2 2 2 2 2
left_child=1 3 4 6 9 10 11 8 28 17 13 26 34 14 22 23 24 18 36 38 -10 -7 -3 -6 -8 30 39 -28 -4 -12 37 -23 -32 -33 -13 -36 -2 -26 -16 40 -1 -42
right_child=2 5 7 -5 15 21 16 -9 20 -11 29 12 -14 -15 19 -17 -18 -19 -20 -21 -22 31 -24 -25 25 -27 27 -29 -30 -31 32 33 -34 -35 35 -37 -38 -39 -40 -41 41 -43
leaf_value=0.029172324353603285 0.049140429831221154 0.033863570340023567 0.046575221852678671 -0.01241447298468374 0.023154462333383006 -0.0066055494356923507 0.0012825371079833933 0.063640024748080448 0.044469995632181535 0.0086276485008318846 -0.021231132721444668 0.047999638625684682 0.03470266223557928 -0.023564675350666746 -0.0099961403373715774 0.033421381959033887 0.045962213306530005 0.038336995449503385 0.019086276527628857 0.02646501856765418 0.05462523429065147 0.055463783763447017 0.0028820771700864855 -0.0047887164207360278 -0.031427264039056164 0.049486578679106955 -0.0097465056873357013 0.01701610092243188 0.035646425018249314 0.025438904125122126 -0.01687517091468909 0.012577972689115785 0.011397276086374006 0.076647209071180833 0.024569760133651138 0.0078717500609759745 0.034302389652547435 0.051324351373936747 0.0049997112008133724 0.0046448494501852332 0.017506706057897642 0.062773598405619746
leaf_weight=2787.6017531007528 11718.178233414888 508.04270870983601 2967.0848318934441 1540.332658931613 4985.3828028142452 612.8586727231741 3137.1514135301113 7626.0302422195673 3196.0948486477137 800.59233869612217 7605.3054106980562 276.25068938732147 9950.4389762431383 1428.5491897016764 4702.944051027298 4209.4546640962362 233.07874459028244 6465.1174970120192 516.31765758991241 282.13241635262966 16385.567229315639 123.30186678469181 486.94491773843765 324.36916697025299 31.868158459663391 172.79392948746681 568.51656833291054 1379.3003098368645 5217.6767001152039 103.9276537001133 266.37204034626484 2477.291528403759 3203.3199540376663 48.31190250813961 3889.1509370207787 1150.3080141097307 954.5906330794096 203.70363329350948 1009.7955403476954 618.95139454305172 4507.4515135735273 134.76061421632767
leaf_count=8709 22573 1840 6067 9014 16797 3225 15137 8249 6678 3329 52663 697 30133 9732 27837 12073 757 16207 1655 1025 26939 343 2310 1651 209 516 2855 5646 13787 500 1468 11073 13907 115 13092 4651 2464 587 5259 2696 17247 362
internal_value=0.0294767 0.00987225 0.0455044 0.0205074 0.0376247 -0.00880503 0.0220672 0.0521778 0.0490297 0.0426891 -0.0129205 0.0258354 0.0303401 -0.00588611 -0.00227306 0.0267424 0.00893381 0.0440765 0.04689 -0.00575424 0.0529677 0.0115437 0.0187013 0.0214474 0.00770355 0.0128978 0.018956 0.00920479 0.0396083 -0.020602 0.0111915 0.0157428 0.00922677 0.0138035 0.022174 0.0207583 0.0480227 0.0401297 -0.00734544 0.0213158 0.0227046 0.0188208
internal_weight=118807 53440.8 65366.5 34051.4 29974 19389.4 32511 35392.5 27766.4 20454.8 16127.6 25262.7 15266.1 8418.41 6989.86 9519.21 7248.29 19654.2 13189.1 5994.87 19581.7 3261.76 994.988 5309.75 7015.21 3878.06 9996.58 1947.82 8184.76 7709.23 3705.26 2648.91 3469.69 2525.6 5315.71 5039.46 12672.8 235.572 5712.74 8048.77 7429.81 4642.21
internal_count=382074 243605 138469 127683 76749 115922 118669 61720 53471 46228 101166 86088 48573 48003 38271 30521 32581 42899 26692 34121 33617 14756 4150 18448 31824 16687 37515 8501 19854 53163 16171 11531 15375 11188 18440 17743 25037 796 33096 29014 26318 17609
is_linear=0
shrinkage=0.0255234


Tree=12
num_leaves=43
num_cat=0
split_feature=4 2 1 1 2 1 1 20 1 9 20 20 1 4 1 1 1 12 24 20 16 1 13 20 37 43 16 31 21 43 21 7 21 1 1 1 1 1 21 2 38 1
split_gain=49082.5 18049.4 5564.08 5029.25 3506.54 3251.98 3496.49 1515.43 1332.86 1221.58 1163.67 1065.39 977.98 916.102 878.537 834.471 802.373 710.573 699.684 544.182 510.471 508.241 495.305 477.519 435.293 421.776 419.2 427.612 415.856 408.297 407.519 431.833 405.047 401.784 382.278 596.763 422.806 377.074 403.159 374.89 368.983 340.631
threshold=181.50000000000003 4.8107554912567148 -0.058141656219959252 1.0000000180025095e-35 3.089443683624268 1.0000000180025095e-35 -0.12099746614694594 479.96665954589849 -0.067717377096414552 0.43036219477653509 173.30833435058597 208.70833587646487 -0.065712496638298021 336.50000000000006 -0.17181880027055738 -0.022378266789019104 -0.26776459813117975 1.0000000180025095e-35 7.1416666507720956 0.84166666865348827 3.5000000000000004 -0.13231123983860013 -0.021044495515525338 351.51666259765631 1.0000000180025095e-35 1.0000000180025095e-35 2.5000000000000004 1.0000000180025095e-35 23.197916984558109 1.0000000180025095e-35 13.349305629730226 0.17052556574344638 10.074305534362795 -0.10759916901588439 -0.40049010515213007 1.0000000180025095e-35 -0.26776459813117975 -0.10028294846415518 14.214583396911623 1.956652879714966 1.0000000180025095e-35 -0.19328109920024869
decision_type=2 2 2 2 2 2 2 2 2 2 2 2 2 2 2 2 2 2 2 2 2 2 2 2 2 2 2 2 2 2 2 2 2 2 2 2 2 2 2 2 2 2
left_child=1 4 7 15 19 6 11 9 18 24 12 14 16 33 -3 29 -6 22 23 25 -18 -19 37 -8 -2 34 -16 28 -28 -4 -10 -32 -23 -11 -1 36 -36 40 -39 -27 -15 -26
right_child=2 5 3 -5 10 -7 8 -9 30 13 -12 -13 -14 17 26 -17 20 21 -20 -21 -22 32 -24 -25 41 39 27 -29 -30 -31 31 -33 -34 -35 35 -37 -38 38 -40 -41 -42 -43
leaf_value=0.060470755060766733 0.0015595126401441385 0.039160560095276568 -0.017513907155147789 0.054352876763853315 0.046324694155071906 0.053620707605063586 0.015292726486574761 -0.021344120686279746 -0.0048948979220875925 0.021557033519698132 0.0061351844093727095 -0.0048967466203186068 0.054289013757827166 0.0053689698239079752 0.032018817069978771 -0.028415888523264873 0.039185947941564034 0.040516923987502833 0.026420169413494867 0.037790339397007343 0.029084568744154021 0.0050636039187525695 -0.012055805134921908 -0.012239210182903634 0.053732650015794935 0.047383692179808742 0.020779808766805973 0.048409955368126152 0.067393778149036895 0.0023177146964075829 -0.019927460706446173 0.046830501705434575 0.061012580961588576 0.0076216980259075605 0.052301570796414766 0.059721170351598615 0.040605982676258555 -0.0087087096438514481 0.071068026485966232 0.011798378955818277 0.035763453783837419 0.026691179227684186
leaf_weight=6140.1605083197355 310.42484398186207 5953.6376042515039 2828.8956158310175 596.39268653094769 6881.0709501802921 2354.9306631684303 10895.81653675437 1163.1426081955433 2509.6560254842043 2656.6821108013391 635.57844179868698 555.18635451793671 3193.7035785168409 1688.2193398922682 6767.0313103497028 5519.9102018624544 9557.6868746131659 377.25673645734787 4231.5553835630417 1370.7952220737934 4945.3015058785677 1675.5947944074869 2547.2747574746609 426.44909895956516 435.49683193862438 729.05934755504131 6683.4614046365023 412.55240146815777 127.04773043096066 888.77273632586002 90.521754994988441 208.5469862818718 88.759620174765587 2735.8084846287966 10027.698612973094 6033.5491427630186 2519.5502411872149 1553.5845189541578 42.392852857708931 262.22665892541409 307.60020597279072 1000.9049996733665
leaf_count=7343 1455 14925 18535 850 13336 3513 42315 7680 12627 9948 2796 2963 4704 8517 20266 41617 23217 1136 14073 3127 13702 7859 15593 2507 1009 1231 22742 956 221 4966 519 569 250 12750 15535 7136 5259 8651 123 783 1148 3622
internal_value=0.0284493 0.0371278 -0.00227139 -0.0174825 0.0470826 0.0244969 0.022732 0.00674897 0.0146431 0.00886805 0.0402329 0.029978 0.0411146 0.00630033 0.0309488 -0.0221203 0.039147 0.000968974 0.0175652 0.0534595 0.0357415 0.0136277 -0.00344702 0.0142557 0.0289667 0.0542949 0.0274542 0.0231778 0.0216494 -0.0127728 -0.00153878 0.0266243 0.00787824 0.0144871 0.0549495 0.0531249 0.049953 0.00265826 -0.00658965 0.0379703 0.0100534 0.0348898
internal_weight=119930 93512.8 26417.1 9833.97 52296.4 41216.4 38861.5 16583.1 18362.5 15420 25213.3 20498.9 24577.8 13673.2 19943.7 9237.58 21384.1 8280.68 15553.8 27083 14503 2141.61 6139.07 11322.3 1746.83 25712.2 13990.1 7223.06 6810.51 3717.67 2808.72 299.069 1764.35 5392.49 24721 18580.8 12547.2 3591.8 1595.98 991.286 1995.82 1436.4
internal_count=382074 236365 145709 65968 98169 138196 134683 79741 72610 72061 57755 62073 54959 65975 59110 65118 50255 43277 58895 40414 36919 9245 34032 44822 6086 37287 44185 23919 22963 23501 13715 1088 8109 22698 35273 27930 20794 18439 8774 2014 9665 4631
is_linear=0
shrinkage=0.0255234


Tree=13
num_leaves=43
num_cat=0
split_feature=0 1 2 4 25 1 1 1 15 10 1 24 24 6 6 20 39 2 12 1 44 13 13 6 39 15 1 2 6 1 19 1 9 18 9 39 23 9 1 40 10 45
split_gain=49596.4 17736.7 6523.54 3632.31 2776.77 2188.42 2058.29 1937.46 1410.88 1094.53 1667.16 881.188 833.085 727.89 620.447 563.626 555.737 535.994 513.926 481.314 465.238 436.293 414.882 406.711 401.251 384.932 383.788 379.441 353.452 326.849 316.522 300.981 316.577 289.734 289.299 287.206 297.185 260.722 259.408 258.904 256.399 255.007
threshold=1.0000000180025095e-35 -0.070538349449634538 3.4304223060607915 183.50000000000003 1.0000000180025095e-35 -0.16985194385051725 -0.17181880027055738 -0.022378266789019104 99.979160308837905 155.26004791259768 -0.10759916901588439 2.3583332300186162 6.6583333015441903 99.973033905029311 99.95349502563478 383.46667480468756 -1.0000000180025095e-35 2.7158041000366215 1.0000000180025095e-35 -0.22172980755567548 1.0000000180025095e-35 -0.034549290314316743 -0.018404090777039524 17.262287139892582 -1.0000000180025095e-35 99.979160308837905 -0.067717377096414552 4.806448459625245 99.968799591064467 -0.051946073770523064 20.500000000000004 -0.10332196578383444 9.4572777748107928 0.081955827772617354 0.36889338493347174 -0.60785761475563038 1.9720435142517092 9.6353607177734393 -0.10597950220108031 1.0000000180025095e-35 262.08204650878912 -0.37370252609252924
decision_type=2 2 2 2 2 2 2 2 2 2 2 2 2 2 2 2 2 2 2 2 2 2 2 2 2 2 2 2 2 2 2 2 2 2 2 2 2 2 2 2 2 2
left_child=1 3 13 6 5 15 23 22 9 10 19 20 14 17 26 41 -12 34 21 -5 28 -11 25 -1 38 29 35 -26 31 -3 -21 -8 -33 -14 -2 -7 -37 -29 -13 -38 -23 -4
right_child=2 7 4 8 -6 12 11 -9 -10 18 16 24 33 -15 -16 -17 -18 -19 -20 30 -22 40 -24 -25 27 -27 -28 37 -30 -31 -32 32 -34 -35 -36 36 39 -39 -40 -41 -42 -43
leaf_value=0.03742449764423713 0.041878073434628023 0.0032052733763653606 0.035937455001310174 0.047613582020740133 0.051905040060115072 0.015916423880020836 0.016628853284031891 -0.028271948405116883 -0.015853050244428443 0.0078459014583577274 -0.0090782560204789777 0.022123172491163235 0.029914183603888471 0.013613280199796593 -0.0072002408195658519 0.0014185733306949643 0.0098454393371009627 0.046287152057119495 0.020136899513168424 0.020333295371878481 0.031552333968178289 -0.01722292801031651 -0.015966575272642055 0.017182430512304527 0.043038711367313208 -0.02524171616281053 0.0039024530395963593 0.023514418174373251 -0.0095236253213486846 -0.012710801801897195 0.048318095137452235 0.0046581346481502847 0.046016616152078936 0.041260713093513764 0.054218778696901414 0.013323769751721651 0.030989107736374623 0.041384622216541635 0.0080935528530846953 0.020199878299480816 0.0075663589629545247 0.04389024716986982
leaf_weight=6045.3722403496504 1321.9669634401798 3053.4418858736753 4012.8478176593781 551.91397117078304 5220.5514626950026 2054.8684939295053 4875.5019982308149 5459.3727636635303 1548.064170062542 943.65294672548771 1515.107244938612 2572.602542668581 4902.7904371023178 341.74968457221985 450.29691727459431 237.43386977910995 3038.245608612895 10224.772357851267 563.82173727452755 3862.1629465818405 818.5675378292799 1677.3575463443995 2870.2555626630783 724.07742516696453 915.73769406974316 482.5670128017664 624.40606859326363 5171.5856092274189 495.19393990933895 1159.785731986165 282.55427481234074 2897.8618034571409 125.80071507394314 2091.4594323784113 19369.174158632755 982.45261660218239 5682.6400969177485 592.82892945408821 1288.6056977510452 1944.7444274276495 324.37305307388306 7603.3193847239017
leaf_count=14671 2626 15358 9484 1375 7607 7113 17821 41933 9874 4585 8028 8649 13874 1318 2397 1080 14022 17690 2165 15008 2613 10491 18549 2607 2187 3188 2615 17839 2957 7348 791 12745 334 4788 25690 3536 16459 1580 5294 6440 1593 15752
internal_value=0.0274903 0.00924953 0.0421383 0.0175224 0.034701 0.0317646 0.0231135 -0.0166836 0.00715729 0.00994912 0.0145535 0.0189513 0.026334 0.0506584 0.0221795 0.0403472 0.00354866 0.0510679 -0.00218774 0.0252227 0.0131851 -0.00646125 -0.00832187 0.0352594 0.0239909 -0.00364912 0.0233514 0.0277768 0.011394 -0.00117598 0.0222411 0.0127053 0.00637887 0.0333071 0.0534303 0.0244901 0.0265363 0.0253522 0.0174411 0.0282382 -0.0132059 0.0411429
internal_weight=120922 53856.4 67065.5 40831 35807.8 30587.3 26523.7 13025.4 14307.3 12759.2 9249.98 19754.3 18733.7 31257.7 11739.4 11853.6 4553.35 30915.9 3509.21 4696.63 9212.93 2945.38 7566.05 6769.45 10541.4 4695.79 11289.1 6680.15 8394.36 4213.23 4144.72 7899.16 3023.66 6994.25 20691.1 10664.7 8609.84 5764.41 3861.21 7627.38 2001.73 11616.2
internal_count=382074 243605 138469 157229 91145 83538 89297 86376 67932 58058 39224 72019 57222 47324 38560 26316 22050 46006 18834 17174 36470 16669 44443 17278 35549 25894 36163 21606 33857 22706 15799 30900 13079 18662 28316 33548 26435 19419 13943 22899 12084 25236
is_linear=0
shrinkage=0.0255234


Tree=14
num_leaves=43
num_cat=0
split_feature=4 11 13 7 4 15 3 6 3 7 7 12 4 9 12 14 16 43 14 8 45 13 16 6 6 16 45 14 22 43 14 19 19 14 16 7 7 19 14 14 9 34
split_gain=42492.7 10426.6 5834.75 2951.21 2449.79 2266.53 1815.68 1641.76 1631.91 1188.59 1084.7 1058.53 953.822 776.571 664.278 618.769 596.963 588.529 572.924 563.095 492.658 480.012 473.454 442.389 394.859 419.969 394.669 388.056 382.957 367.15 356.382 349.392 342.694 322.181 317.791 363.49 301.687 292.891 425.6 389.779 293.133 283.667
threshold=115.50000000000001 1.0000000180025095e-35 -0.0039190666284412137 0.1545166298747063 327.50000000000006 99.979160308837905 12.625000000000002 17.262287139892582 17.741666793823246 0.30373969674110418 0.093049075454473509 1.0000000180025095e-35 20.500000000000004 0.43036219477653509 1.0000000180025095e-35 47.500000000000007 2.5000000000000004 1.0000000180025095e-35 50.500000000000007 10.358333587646486 2.2332161664962773 -0.17931049317121503 2.5000000000000004 65.570053100585952 99.974533081054702 5.5000000000000009 -0.37552681565284723 5.5000000000000009 0.48407493531703955 1.0000000180025095e-35 26.500000000000004 1.0000000180025095e-35 8.5000000000000018 18.500000000000004 2.5000000000000004 0.093049075454473509 0.15298753231763842 1.0000000180025095e-35 25.500000000000004 80.500000000000014 12.286903381347658 2.5000000000000004
decision_type=2 2 2 2 2 2 2 2 2 2 2 2 2 2 2 2 2 2 2 2 2 2 2 2 2 2 2 2 2 2 2 2 2 2 2 2 2 2 2 2 2 2
left_child=1 3 5 18 30 6 10 12 9 -3 13 19 26 -2 21 17 -12 22 23 37 -7 -15 -14 34 -9 -26 27 -5 -13 -11 -4 -23 -17 -16 35 -1 -20 -6 -39 40 -40 -36
right_child=2 8 4 7 11 20 -8 24 -10 29 16 28 15 14 33 32 -18 -19 36 -21 -22 31 -24 -25 25 -27 -28 -29 -30 -31 -32 -33 -34 -35 41 -37 -38 38 39 -41 -42 -43
leaf_value=0.0073687799474869402 0.025342518926865457 0.035483100285873731 -0.0034641401382113223 0.044771523816804645 -0.022936995677507538 -0.020329233225637691 0.055504076467868146 0.021094247175346272 0.056955589673164275 0.047908069643286443 0.026198868191181328 0.051105307892476332 0.033437775418067438 0.029608998271377723 0.0044395786525716048 0.03582433253322817 0.010727917231013131 0.003616563060997897 0.026585438381098555 0.053161006368083422 0.02403611258485075 -0.0067968233049180539 0.02173007756091444 -0.0053835947447103717 -0.012160210774323039 0.023342308373874163 0.041020498197416662 0.028984481139227351 0.0033354216938672847 0.033199358219961873 0.015508402294649271 0.0049114531065479559 0.019193156131921733 0.019707599860092278 0.0078879337705888373 0.026868524249163753 -0.015296356174660438 0.021300122167731438 -0.019395469466824196 0.1202190216517285 0.073633505957888895 0.029102195068267177
leaf_weight=866.038484826684 1323.418525442481 8179.6536654978991 985.45386724174023 1326.8214015066624 7289.4197521954775 1740.999780356884 630.22805623710155 3576.7269718199968 7673.2411894500256 18730.815612658858 3877.7178158164024 143.42043383419514 4178.5994342416525 339.84031915664673 1540.0704539418221 9125.9486812055111 2796.507797524333 750.73800665140152 3727.0351803600788 67.556583628058434 179.90444724261761 3659.6009280234575 4875.6908291727304 748.25017239153385 536.95131509006023 364.33975242078304 10920.922625243664 4306.4435841590166 459.86786010861397 1174.8805068731308 1866.7435750961304 3039.3098039776087 885.43171772360802 2167.5257588177919 3433.2307161539793 2216.8027250617743 115.51488202810287 230.69213470816612 1258.9790238291025 13.476626500487326 22.458619371056557 466.39052411913872
leaf_count=3626 4661 19381 4808 2419 53314 11520 750 11350 8256 30183 13035 312 11278 1391 7216 21966 10980 2984 11696 87 712 20634 15172 3638 2868 1552 22499 11254 2250 2572 7571 15238 2832 8822 13767 7415 542 1192 8682 30 87 1532
internal_value=0.0265877 0.0358976 0.00217867 0.0286489 -0.0117877 0.0102706 0.0128925 0.0318724 0.0465241 0.0436741 0.0114597 -0.018024 0.0336678 0.00689399 0.00462205 0.02989 0.0197165 0.0253326 0.0172715 -0.020246 -0.0161741 1.64941e-05 0.0271332 0.0132678 0.0172897 0.00219139 0.0381901 0.0327029 0.0146918 0.0470399 0.00895325 -0.00148475 0.0343534 0.0133655 0.0152665 0.0213906 0.0253264 -0.0208086 -0.0106389 -0.016329 -0.017765 0.0104251
internal_weight=121814 88180.5 33633.2 52421.9 12338.1 21295.1 19374.2 40848.6 35758.6 28085.3 18744 9485.87 36370.6 12069.8 10746.3 19816.4 6674.23 9805.03 11573.3 8882.58 1920.9 7038.75 9054.29 7730.71 4478.02 901.291 16554.2 5633.26 603.288 19905.7 2852.2 6698.91 10011.4 3707.6 6982.46 3082.84 3842.55 8815.03 1525.61 1294.91 1281.44 3899.62
internal_count=382074 208782 173292 148390 78333 94959 82727 106174 60392 52136 81977 65954 90404 57962 53301 54232 24015 29434 42216 63392 12232 37263 26450 29978 15770 4420 36172 13673 2562 32755 12379 35872 24798 16038 26340 11041 12238 63305 9991 8799 8769 15299
is_linear=0
shrinkage=0.0255234


Tree=15
num_leaves=43
num_cat=0
split_feature=0 7 2 13 3 5 2 2 12 5 5 25 5 5 2 24 25 16 9 21 7 10 21 13 25 3 13 16 24 13 16 7 9 20 7 2 7 9 21 10 7 2
split_gain=43274.1 11607.3 6053.59 4333.39 3264.3 2637.93 1731.29 1469.59 1196.55 1146.2 805.527 731.12 729.803 688.778 456.313 422.951 411.134 371.94 435.422 435.023 371.691 371.115 370.486 366.395 364.189 349.576 341.038 316.686 316.024 315.75 314.438 312.937 304.141 300.597 298.97 328.272 291.204 285.752 279.919 277.468 270.282 267.856
threshold=1.0000000180025095e-35 0.093049075454473509 3.089443683624268 -0.016544286161661145 19.641666412353519 478.19166564941412 5.0402023792266855 6.9052612781524667 1.0000000180025095e-35 478.19166564941412 478.19166564941412 -0.015409639570862053 478.19166564941412 478.19166564941412 4.2569985389709482 3.2583333253860478 -0.013875137548893688 3.5000000000000004 1.489077150821686 2.7590278387069707 0.897424876689911 55.845495223999031 0.41021825373172766 -0.047477146610617631 -1.0000000180025095e-35 17.741666793823246 -0.02671176195144653 3.5000000000000004 11.074999809265138 -0.073674522340297685 1.0000000180025095e-35 0.24356250464916232 0.61111208796501171 0.19166667014360431 1.3174962401390078 1.956652879714966 0.51694476604461681 5.4321987628936776 2.3284722566604619 173.74645996093753 2.9213839769363408 7.4947896003723153
decision_type=2 2 2 2 2 2 2 2 2 2 2 2 2 2 2 2 2 2 2 2 2 2 2 2 2 2 2 2 2 2 2 2 2 2 2 2 2 2 2 2 2 2
left_child=1 3 13 9 6 7 12 14 24 11 20 17 30 25 36 -16 21 18 29 -19 28 38 -20 32 -5 34 27 -23 -8 -1 -4 37 -13 40 -2 -36 -3 -18 -9 -33 -32 -28
right_child=2 5 4 8 -6 -7 10 16 -10 -11 -12 23 -14 -15 15 -17 31 19 22 -21 -22 26 -24 -25 -26 -27 41 -29 -30 -31 33 39 -34 -35 35 -37 -38 -39 -40 -41 -42 -43
leaf_value=0.046449656203999753 0.048547383362956852 0.036306198980872617 0.044511716506428843 -0.014475459940913763 0.055188893918066848 -0.01274607026031133 0.022330534450029624 -0.011545335237476469 0.011507960860528887 -0.021890079665897254 -0.0093026037922416538 0.029993287616679618 0.0062441071313979633 0.01954101411502307 0.018676525464434605 0.028420160088723112 0.013100020627138734 -0.0099926493317479825 0.10349326557829935 0.014547923520026332 0.035368151657249144 0.026033522054886172 0.011993817466558811 -0.0037812840456714399 -0.024436055495334057 0.05579095403172904 0.022933701976993084 0.013758445633466431 0.031285983307939899 0.018815056687747564 0.036592240227938895 -0.031531793392060269 0.0050534368967010421 0.022573480700816207 0.043579050903381454 0.013041784675767902 0.018138449685631958 -0.0069259116469454719 0.017379629332677515 0.090265293038665997 -0.0027634931586714203 0.0029289930945753159
leaf_weight=516.12587460875511 21157.669857352972 3676.2016720622778 2876.2995716333389 4974.6770347133279 3929.9015108942986 1558.068480193615 11589.522409617901 484.24279575049877 900.61061650514603 966.8060944378376 437.07071967422962 351.99632859230042 525.55668613314629 522.0189173668623 5538.2239987850189 6097.4288681745529 1992.1281095147133 791.51606096327305 29.13104222714901 1160.4879935979843 2285.8838788419962 4053.4700821191072 2769.7328889518976 3906.1128527224064 4604.8094016984105 4319.6362207978964 656.31350326538086 2067.5450573265553 3297.3225121349096 563.33443324267864 15140.831139370799 196.64124302566051 3351.5083148479462 1115.8515969067812 834.74734747409821 316.19043408334255 681.2521229237318 605.1842001080513 396.34390005469322 12.989595949649809 114.53782188892365 1299.0937245190144
leaf_count=1455 30351 8376 5505 32492 4184 9419 35552 2388 3953 6542 2316 1294 2131 1627 18706 17561 8261 4012 46 5012 5651 13379 12321 21117 35664 4508 2234 7763 8575 2154 32391 1172 16287 3116 1304 862 2007 2895 1480 16 396 5599
internal_value=0.025725 0.00868727 0.0392138 -0.00413184 0.0330612 0.0195699 0.030735 0.0213839 -0.0166191 0.00495195 0.0249146 0.00688284 0.0359185 0.0485759 0.0264208 0.0237825 0.0145363 0.0136838 0.0182573 0.00459699 0.0257855 0.0172074 0.0129462 0.0016721 -0.0192635 0.0491451 0.0189229 0.0218873 0.0243141 0.0320281 0.0367288 0.00601277 0.00742383 0.0353614 0.0478582 0.0351897 0.0334658 0.00843389 0.00147351 -0.0239847 0.0362968 0.00964338
internal_weight=122665 54202 68463 24886.8 41312.8 29315.1 37382.9 27757.1 10480.1 14406.8 17609.8 13439.9 19773.1 27150.3 15993.1 11635.7 11764 5830.33 3878.32 1952 17172.7 8957.01 2798.86 7609.62 9579.49 26628.2 8076.42 6121.02 14886.8 1079.46 19247.5 2806.94 3703.5 16371.2 22308.6 1150.94 4357.45 2597.31 880.587 209.631 15255.4 1955.41
internal_count=382074 243605 138469 142349 99817 101256 95633 91837 72109 70240 52094 63698 43539 38652 46650 36267 45187 25000 15976 9024 49778 32843 12367 38698 68156 37025 28975 21142 44127 3609 41408 12344 17581 35903 32517 2166 10383 11156 3868 1188 32787 7833
is_linear=0
shrinkage=0.0255234


Tree=16
num_leaves=43
num_cat=0
split_feature=17 11 7 5 3 29 7 6 9 3 19 7 17 5 14 40 16 17 20 40 14 14 16 14 16 40 21 23 40 23 14 21 24 16 9 21 14 14 21 7 21 17
split_gain=37220 11587.6 3202.92 2690.31 2150.31 1964.35 1709.05 1699.54 1637.63 1572.67 1127.56 1113.14 995.141 793.771 669.583 568.685 514.929 493.746 466.987 419.333 659.282 400.656 381.331 368.396 364.454 375.41 429.462 343.067 398.846 337.805 320.788 313.31 307.208 296.142 288.888 521.629 393.435 286.232 282.733 279.622 273.964 270.361
threshold=7.5625000000000009 1.0000000180025095e-35 0.18018249422311786 478.19166564941412 2.4583333730697636 1.0000000180025095e-35 0.1081490032374859 17.262287139892582 0.29808659851551061 20.058333396911625 1.0000000180025095e-35 0.30373969674110418 0.85416665673255932 478.19166564941412 39.500000000000007 1.0000000180025095e-35 2.5000000000000004 22.354166984558109 334.59165954589849 1.0000000180025095e-35 47.500000000000007 1.0000000180025095e-35 5.5000000000000009 47.500000000000007 4.5000000000000009 1.0000000180025095e-35 2.0937500000000004 2.7282580137252812 1.0000000180025095e-35 2.6104406118392949 25.500000000000004 1.324305593967438 1.0083333253860476 3.5000000000000004 1.8020785450935366 3.4951388835906987 14.500000000000002 63.500000000000007 0.36685934662818914 0.093049075454473509 0.51930412650108349 1.7291666865348818
decision_type=2 2 2 2 2 2 2 2 2 2 2 2 2 2 2 2 2 2 2 2 2 2 2 2 2 2 2 2 2 2 2 2 2 2 2 2 2 2 2 2 2 2
left_child=1 2 13 4 5 6 8 12 32 11 17 -3 27 14 41 31 -14 -10 40 20 -13 -7 -20 34 39 26 -26 28 -4 -8 -17 -12 -2 -33 38 36 -36 -32 -18 -16 -9 -1
right_child=3 9 7 -5 -6 21 29 18 10 -11 15 19 16 -15 24 30 23 -19 22 -21 -22 -23 -24 -25 25 -27 -28 -29 -30 -31 37 33 -34 -35 35 -37 -38 -39 -40 -41 -42 -43
leaf_value=0.017525028941234127 0.0040302251795327673 0.033055009187937696 0.028200846179778742 -0.023748944244842099 0.048198036400833873 -0.0020296340321774419 0.0046721539934180389 -0.0042042662581267968 -0.0040273243219804914 0.053919181863016072 -0.0072044452585866836 0.031275781656830079 0.031475476359725661 -0.01277410339927542 0.015562816299923232 0.00044019198005608949 -0.0012982492931012425 -0.018929145882525436 -0.0096501634701591128 0.047894671559148082 0.044779279384081605 0.016650851000957725 0.021085610370991319 0.028315839353386992 -0.015479023354313389 0.041716104846025559 0.014601050131454324 0.040260892596021121 0.03874610841100673 0.024036457668210144 -0.023397337700052881 0.01960087051430261 0.027898508498854255 -0.0022489587344285875 -0.020892448256325021 0.021924818285702249 0.010527551926452735 0.074039085237029845 0.032989116406517284 0.026716292992046559 0.021485951282075807 0.0077041431845157908
leaf_weight=3058.1877443343401 600.49431562423706 8527.6592058986425 5457.0842339843512 3280.1999122723937 611.2200970351696 905.61099798977375 1046.983772367239 293.25166340172291 1825.6042162925005 7497.1029889136553 682.86471030116081 3405.9454546421766 10282.587156683207 586.25434193015099 1912.6273754239082 829.73291729390621 179.12479035556316 7011.1040151640773 760.40103721618652 9663.6599973142147 7635.9237280189991 4296.2062464356422 401.96914765238762 5225.439226359129 391.81899680197239 247.57994620501995 1466.4492605477571 6669.844571724534 4085.9751352220774 1335.4062160849571 922.30856005102396 1326.0874967128038 846.49661764502525 581.19834820926189 348.37100452184677 2656.2371963560581 1019.0711807906628 20.067804142832756 1249.7417156994343 6246.9024905711412 3472.8376056551933 4532.4789621978998
leaf_count=10496 2828 19728 13686 24100 823 4315 4376 1267 9971 7782 3950 7435 26260 3410 7262 4449 730 49916 4035 13554 12361 17355 1709 13523 1874 629 5238 12814 7752 4704 6710 6078 2979 3101 1641 7921 3710 54 3121 19095 10502 18830
internal_value=0.0249164 0.0321804 0.025319 -0.00213415 0.000969905 -0.000328636 -0.00452205 0.0292044 -0.00778325 0.0434903 -0.0106091 0.0408157 0.0310716 0.0164491 0.0174086 8.52445e-06 0.0273988 -0.0158505 0.0151208 0.044012 0.040614 0.0133987 0.000978828 0.0234731 0.0216587 0.0121921 0.00825861 0.0358199 0.0327159 0.0155265 -0.0111328 0.0076311 0.0179933 0.0129427 0.0188321 0.0153311 0.00252295 -0.0213224 0.0286908 0.0241019 0.0194855 0.0116609
internal_weight=123396 97274.5 60544.2 26121.6 22841.4 22230.2 17028.3 42101.9 14646 36730.3 13199 29233.2 37173.5 18442.3 17856 4362.26 20960.6 8836.71 4928.46 20705.5 11041.9 5201.82 1162.37 10678 10265.4 2105.85 1858.27 16212.9 9543.06 2382.39 1772.11 2590.15 1446.99 1907.29 5452.55 4023.68 1367.44 942.376 1428.87 8159.53 3766.09 7590.67
internal_count=382074 236365 175505 145709 121609 120786 99116 108671 90036 60860 84229 53078 91158 66834 63424 24342 56906 59887 17513 33350 19796 21670 5744 30646 34098 7741 7112 34252 21438 9080 11213 13129 5807 9179 17123 13272 5351 6764 3851 26357 11769 29326
is_linear=0
shrinkage=0.0255234


Tree=17
num_leaves=43
num_cat=0
split_feature=4 11 1 1 1 1 5 8 1 1 5 22 28 1 14 19 1 7 18 16 40 12 40 1 5 6 21 18 14 9 7 1 37 21 18 1 1 1 16 10 21 16
split_gain=34815.7 10961.6 7866.66 4798.49 4023.7 1822.32 1574.19 1510.91 1795.56 1260.15 1225.35 1035.02 851.628 796.271 753.842 706.797 1027.08 762.518 639.94 567.74 711.642 499.607 480.764 453.224 397.666 393.584 379.824 376.855 362.903 403.884 352.181 347.383 322.221 315.917 310.407 309.536 287.102 285.527 304.573 285.225 284.678 279.185
threshold=181.50000000000003 1.0000000180025095e-35 -0.17257089912891385 -0.058141656219959252 1.0000000180025095e-35 -0.068677965551614747 478.19166564941412 19.641666412353519 -0.27945937216281885 -0.2593772411346435 478.19166564941412 0.49995918571949011 6.3916666507720956 -0.022378266789019104 39.500000000000007 1.0000000180025095e-35 -0.13451258838176725 0.1081490032374859 0.083405800163745894 2.5000000000000004 1.0000000180025095e-35 1.0000000180025095e-35 1.0000000180025095e-35 -0.21283359080553052 478.19166564941412 58.289493560791023 13.349305629730226 0.084763936698436751 25.500000000000004 6.8277242183685312 0.17052556574344638 -0.16882046312093732 2.5000000000000004 5.8114695549011239 0.023616579361259941 -0.36528477072715754 -0.19504465162754056 -0.078222680836915956 1.5000000000000002 137.95463562011722 0.65201023221015941 4.5000000000000009
decision_type=2 2 2 2 2 2 2 2 2 2 2 2 2 2 2 2 2 2 2 2 2 2 2 2 2 2 2 2 2 2 2 2 2 2 2 2 2 2 2 2 2 2
left_child=1 2 9 6 13 10 11 8 -3 24 12 23 19 -5 25 17 -17 21 -10 20 -4 36 33 -2 35 -11 39 -14 29 -24 -28 -19 -25 -18 -21 -1 -13 38 -38 -7 -22 -16
right_child=3 7 5 4 -6 26 -8 -9 18 14 -12 15 27 -15 41 16 22 31 -20 34 40 -23 28 32 -26 -27 30 -29 -30 -31 -32 -33 -34 -35 -36 -37 37 -39 -40 -41 -42 -43
leaf_value=0.048481156707554873 0.052113368299637183 0.046736404512130549 0.024833406403294803 -0.012081742027846802 0.045999364919868065 -0.015163920806289637 -0.018375570812659264 0.051543207921703846 0.028978205885595128 0.021380027627480175 -0.0088524774518813996 -0.022770349606936406 0.022560085210383239 -0.027748009356903941 0.036015384641806397 0.033667701494243231 0.0098952220622419429 0.034062126366643873 0.039059263098958921 0.0065087351544921221 -0.0066948476457415482 0.013496197064915451 -0.00031579055876278825 0.0041538714560569144 0.018475228972019433 -0.0075236534134321652 -0.018697438185965649 0.03319255127937544 -0.02458554939097872 0.05208191523229265 0.041478518543433679 0.0081615094418705514 0.030846586829020292 0.030603871529499064 0.015573087448554571 0.039511225239317181 0.010170283195628091 -0.019390311303664191 -0.0074685998618217696 0.0021978219779367407 0.013817267961326101 0.02242407876954761
leaf_weight=3316.1314064115286 383.82029111683369 12080.43755492568 7692.3239518553019 3615.9223177433014 621.17583575844765 1166.9250728935003 1553.6102830320597 8466.702733039856 8617.7373326867819 2478.1455364823341 1013.0893409401178 714.17972233891487 9379.9183985441923 5086.7732005566359 5413.4040920883417 1188.5689440220594 2956.1102057248354 468.2095939964056 7828.4851762205362 3683.7436015158892 552.55443181097507 843.329629316926 1570.4378942251205 485.24809271097183 497.79835492372513 350.2897921204567 89.165364563465118 2825.8646304756403 385.60288982093334 102.05951538681984 218.89525985717773 1206.8765459954739 749.89392496645451 572.90209153294563 7415.4794814437628 10260.836688563228 974.94272392988205 718.62585359811783 1843.6586048901081 1306.6515986025333 2178.6838953346014 1203.4550238251686
leaf_count=4447 741 16633 23490 23501 850 6183 10579 9140 20826 6769 5717 5146 28385 41617 11906 3567 13273 1292 14261 14546 2407 3474 7579 2001 1635 1515 508 6712 2418 338 558 4877 2454 2104 24971 18508 4857 4554 10487 6179 7670 3399
internal_value=0.0241437 0.0311118 0.0244679 -0.00208857 -0.0167592 0.0172138 0.00609343 0.0420751 0.0392649 0.0360409 0.0188054 0.00860029 0.0196361 -0.0212388 0.0288291 0.00629503 0.0121228 0.00046224 0.0337768 0.0165819 0.0208595 -0.00444947 0.00753943 0.0278879 0.0408806 0.0178004 -0.00266429 0.0250217 -0.00226458 0.00288163 0.0240611 0.0154011 0.0203599 0.0132571 0.0125647 0.0417021 -0.00800926 -0.00502893 -0.00136738 -0.00599268 0.00966748 0.0335434
internal_weight=124079 98036.7 61043.4 26041.9 9323.87 37523.3 16718.1 36993.4 28526.7 23520.1 34741.7 15164.5 33728.6 8702.7 9445.29 13545.5 6775.68 6769.82 16446.2 21522.8 10423.6 5094.74 5587.11 1618.96 14074.8 2828.44 2781.64 12205.8 2058.1 1672.5 308.061 1675.09 1235.14 3529.01 11099.2 13577 4251.41 3537.23 2818.6 2473.58 2731.24 6616.86
internal_count=382074 236365 175505 145709 65968 127326 79741 60860 51720 48179 113898 69162 108181 65118 23589 63966 29279 34687 35087 73084 33567 28518 25712 5196 24590 8284 13428 35097 10335 7917 1066 6169 4455 15377 39517 22955 25044 19898 15344 12362 10077 15305
is_linear=0
shrinkage=0.0255234


Tree=18
num_leaves=43
num_cat=0
split_feature=4 2 1 1 2 8 1 5 9 5 18 8 1 6 25 1 16 5 1 5 16 1 10 29 26 43 1 1 8 1 10 19 1 1 27 43 21 1 1 43 29 1
split_gain=32619.1 13087.3 4607.5 3846.11 2794.21 2345.76 2321.95 1500.46 956.806 932.863 845.093 821.385 791.892 789.044 708.095 617.777 597.545 593.138 568.326 432.188 420.627 399.089 459.336 390.5 385.415 383.82 383.481 373.33 544.962 374.644 355.29 332.944 335.597 317.614 317.214 316.739 309.215 358.5 302.72 298.947 296.714 294.681
threshold=181.50000000000003 4.8107554912567148 -0.058141656219959252 1.0000000180025095e-35 3.089443683624268 19.875000000000004 -0.12099746614694594 478.19166564941412 0.43036219477653509 478.19166564941412 0.038924964144825942 13.291666984558107 -0.022378266789019104 58.289493560791023 -0.013875137548893688 -0.26776459813117975 1.5000000000000002 478.19166564941412 -0.16044903546571729 314.74166870117193 3.5000000000000004 -0.08120632171630858 171.17955017089847 0.85416665673255932 7.1416666507720956 1.0000000180025095e-35 -0.21283359080553052 -0.44258223474025721 11.47499990463257 -0.27945937216281885 74.744274139404311 1.0000000180025095e-35 -0.12969151884317395 -0.062163019552826874 6098.0000000000009 1.0000000180025095e-35 2.5965278148651127 -0.10807484388351439 -0.12425523996353148 1.0000000180025095e-35 1.0000000180025095e-35 -0.082258228212594972
decision_type=2 2 2 2 2 2 2 2 2 2 2 2 2 2 2 2 2 2 2 2 2 2 2 2 2 2 2 2 2 2 2 2 2 2 2 2 2 2 2 2 2 2
left_child=1 4 7 12 17 6 13 8 26 11 19 15 25 18 16 39 21 27 -3 23 -17 22 -10 30 -12 -4 -2 -1 29 35 -8 34 -33 -23 -16 -29 40 -38 -20 -6 -18 -32
right_child=2 5 3 -5 9 -7 10 -9 14 -11 24 -13 -14 -15 31 20 36 -19 38 -21 -22 33 -24 -25 -26 -27 -28 28 -30 -31 41 32 -34 -35 -36 -37 37 -39 -40 -41 -42 -43
leaf_value=0.050122922309153557 0.046771410185675842 0.030305390532514482 -0.016618735100038636 0.044616067485398633 0.038820519630368588 0.045625323914375439 -0.0046882386135256911 -0.018129294019343819 0.029701243414158054 0.0035112414254680679 0.015202179232492391 0.045737424104334512 -0.027592673789162983 0.0082146271537373028 0.013641867487964534 0.031776460088970018 -0.0072792360481071646 0.018203942774643701 0.020192241882795937 -0.01656971513595561 0.023029752299089434 -0.012750894232938926 -0.0026419663519413913 0.045228212918277291 0.02814926762955856 0.0028032236664767246 0.019194647607846518 0.043677638726039338 0.049413449812007626 0.034844146428370339 0.012621411967542176 0.032036398227521933 0.0024365459884342663 0.04261350239474522 -0.010706776924569422 0.0024069317698698542 0.020074641248114523 0.0011258920663834581 0.035061189406556649 0.0077040854987274164 0.01149261126076531 0.0034108707875201783
leaf_weight=5978.7156858295202 439.79929022490978 9079.7656622678041 2709.9421355873346 624.04980000853539 6823.0029617697001 2151.8741098046303 1225.9266750812531 1534.7670823186636 1950.6400365233421 706.4264023154974 5266.3886762261391 3026.4954358935356 4986.1407655254006 1855.5826905220747 408.80911442637444 10626.639254048467 1571.6530744880438 571.50958797335625 9517.2292523980141 449.98193651437759 5402.6066991239786 344.17654368281364 335.20460024476051 189.78336963057518 2093.1487461030483 877.48873549699783 1298.0673546046019 10401.911370202899 6084.3274561315775 5239.5692912340164 7436.392103806138 275.4627366065979 2650.1600079983473 83.970633283257484 2365.180737785995 122.56998899579048 1507.3496889024973 1144.1522365957499 984.23279654979706 207.24725732207298 842.6172060072422 3252.6441938132048
leaf_count=6878 898 22464 18535 850 12142 3076 5430 10579 6716 3000 18422 4035 41617 7271 1982 23987 8398 1752 29162 2703 13972 1856 1853 496 5697 4966 4593 14900 6862 9679 27148 887 13013 304 13884 343 5798 5547 2426 619 3433 13901
internal_value=0.0234179 0.030113 -0.00204571 -0.0165602 0.0383647 0.0196443 0.0182923 0.00592341 0.00834929 0.0324521 0.0120172 0.0332359 -0.0210131 0.0241217 0.00605126 0.0315951 0.0110584 0.0439429 0.0256291 0.00799158 0.0288284 0.0207224 0.0249583 0.00890463 0.0188845 -0.0118681 0.0261735 0.0444715 0.042925 0.0404207 0.00832606 -0.000783289 0.00522353 -0.00189249 -0.00711846 0.043197 0.00588087 0.0118981 0.0215858 0.0379032 -0.000727571 0.00981867
internal_weight=124644 98694 25949.6 9197.62 55191 43503 41351.1 16752 15217.2 26792.4 19914.3 26086 8573.57 21436.8 13479.4 23059.5 7779.76 28398.6 19581.2 12554.7 16029.2 2713.99 2285.84 12104.7 7359.54 3587.43 1737.87 27827.1 21848.4 15764.1 11915 5699.61 2925.62 428.147 2773.99 10524.5 5065.77 2651.5 10501.5 7030.25 2414.27 10689
internal_count=382074 236365 145709 65968 98169 138196 135120 79741 69162 57755 73797 54755 65118 61323 63671 50720 33905 40414 54052 49678 37959 10729 8569 46975 24119 23501 5491 38662 31784 24922 46479 29766 13900 2160 15866 15243 23176 11345 31588 12761 11831 41049
is_linear=0
shrinkage=0.0255234


Tree=19
num_leaves=43
num_cat=0
split_feature=2 2 1 3 1 2 1 9 30 20 1 20 19 1 3 1 1 1 24 1 16 31 16 2 13 9 14 37 1 16 21 22 21 16 18 10 21 18 14 12 18 14
split_gain=26124.6 14743 4732.58 3724.59 3724.75 2179.46 2121.71 1474.98 1364.18 1339.27 1019.05 1018.94 927.752 863.685 773.835 757.851 733.564 659.042 607.076 600.439 504.103 482.053 438.452 431.747 386.081 423.432 381.12 366.225 346.372 389.958 335.449 327.783 391.504 303.788 303.474 429.615 322.301 295.485 290.951 290.137 289.795 281.357
threshold=1.0000000180025095e-35 4.3898940086364755 -0.058141656219959252 10.291666984558107 -0.12099746614694594 2.8416142463684086 1.0000000180025095e-35 0.36889338493347174 119.99166488647462 271.60833740234381 -0.17257089912891385 173.30833435058597 1.0000000180025095e-35 -0.065198127180337892 18.758333206176761 -0.022378266789019104 -0.1120348311960697 -0.26776459813117975 7.1416666507720956 -0.19328109920024869 2.5000000000000004 1.0000000180025095e-35 2.5000000000000004 8.9210205078125018 -0.032002683728933327 4.013432741165162 25.500000000000004 1.5000000000000002 -0.19504465162754056 1.5000000000000002 23.197916984558109 1.1934142112731936 12.538194656372072 5.5000000000000009 0.038924964144825942 66.18637847900392 2.7215278148651127 0.038924964144825942 52.500000000000007 28.500000000000004 0.12243186682462694 39.500000000000007
decision_type=2 2 2 2 2 2 2 2 2 2 2 2 2 2 2 2 2 2 2 2 2 2 2 2 2 2 2 2 2 2 2 2 2 2 2 2 2 2 2 2 2 2
left_child=2 5 7 4 9 26 15 19 13 10 41 14 28 18 17 -4 -14 -7 34 -1 -12 30 -18 -15 -19 -26 -2 -21 -9 31 38 32 -30 -13 35 -6 -36 -20 -22 -37 -25 -3
right_child=1 3 6 -5 8 11 -8 12 -10 -11 20 33 16 23 -16 -17 22 24 37 27 21 -23 -24 40 25 -27 -28 -29 29 -31 -32 -33 -34 -35 36 39 -38 -39 -40 -41 -42 -43
leaf_value=0.037818811747483153 0.048186241780978953 0.024725016084550813 -0.011193748268287285 0.045654692950073981 -0.0072599881729428911 0.037757487562252189 0.046431129458524949 -0.021892067608693971 -0.01400024014245181 -0.0067836830241697838 0.025352329151198005 -0.0090058908582787995 0.027158019788507806 0.011937234590410324 0.049268148962963429 -0.027437043881755691 0.01289854098302835 0.031746595068398213 0.016288945400304004 -0.0027088797971351135 0.011850651268618385 0.039880494601467052 -0.0049727536173341134 -0.0085140151389551666 0.030045872565269249 0.01324876467008798 0.041451983522094372 0.022906515819395748 -0.0073814943625159675 -0.0088224846613628293 0.051430163044493681 0.023692322068203989 0.053886495833437985 0.028704141458462638 0.0091508688353009113 0.0094983769736589861 0.021859479483776742 0.02849053757045257 0.021389943519617958 0.055885016651151503 0.042785616440820851 0.034159242113758211
leaf_weight=1092.0971650034189 8731.2673236429691 2966.1399331241846 3034.2662976160645 3266.0012915879488 1069.0786498636007 8954.5863459557295 314.07346521317959 764.44137515127659 1440.1205330863595 918.68978801369667 9537.3665260821581 475.57261019945145 1185.0492895245552 1249.2382282167673 1955.3135790079832 4881.4719651117921 1793.6947102546692 8387.7452881932259 3410.4474300891161 590.39178070425987 6084.5911636352539 572.89799997210503 1783.5704169422388 2154.9227635264397 2052.0600242763758 1867.3265727758408 14678.408656165004 946.52615158259869 768.10347047448158 2680.4176751226187 168.73531801998615 527.58652906119823 74.536415189504623 196.73721817135811 2522.8177085518837 7220.5065464377403 2682.0484499931335 2082.4235183298588 3167.0268909484148 88.922258287668228 74.206633239984512 6735.876763433218
leaf_count=2442 10386 7760 20251 4152 4887 15496 401 5580 8593 5298 26533 2297 4163 4540 2059 41573 8168 17908 11585 2826 20607 1208 9416 11204 4509 5203 21249 2968 4302 15600 291 2391 261 719 9398 27839 8340 5589 9133 193 186 14570
internal_value=0.0227259 0.0278776 -0.0036708 0.0191848 0.0175882 0.038429 -0.0186292 0.00641449 0.0100841 0.0235601 0.0245137 0.0330055 0.001766 0.0116219 0.0339025 -0.0212107 0.00975374 0.0324894 0.0137547 0.0233487 0.0211549 0.017149 0.00398818 -7.46325e-05 0.0286564 0.0220432 0.0439637 0.0130666 -0.00613419 -0.00316034 0.0157666 0.00791585 -0.00196197 0.00202914 0.0108592 0.00785236 0.0156996 0.0209147 0.0151162 0.0100627 -0.00680627 0.031275
internal_weight=125147 104711 20436.2 57412.1 54146.1 47299 8229.81 12206.4 23994.7 30151.3 29232.6 23889.3 9577.4 22554.6 23217 7915.74 4762.31 21261.7 19076.2 2629.02 19530.6 9993.25 3577.27 3478.37 12307.1 3919.39 23409.7 1536.92 4815.09 4050.64 9420.35 1370.23 842.64 672.31 13583.4 8378.51 5204.87 5492.87 9251.62 7309.43 2229.13 9702.02
internal_count=382074 261732 120342 181906 177754 79826 62225 58117 92354 85400 80102 48191 49881 83761 45175 61824 21747 43116 67831 8236 57772 31239 17584 15930 27620 9712 31635 5794 28134 22554 30031 6954 4563 3016 50657 32919 17738 17174 29740 28032 11390 22330
is_linear=0
shrinkage=0.0255234


Tree=20
num_leaves=43
num_cat=0
split_feature=0 4 11 18 5 3 18 18 18 5 5 42 14 9 7 19 16 43 18 5 14 18 27 43 45 43 42 7 4 0 44 18 7 23 9 45 16 9 23 27 40 4
split_gain=32008.6 10027 3566.25 1623.58 1618.37 1577.52 1478.7 1457.09 1304.92 956.614 954.914 869.411 734.724 653.01 616.238 685.206 480.501 398.783 419.536 377.493 372.824 341.218 340.863 335.018 335.64 329.322 327.455 320.642 307.745 304.781 296.275 331.107 264.51 249.96 305.924 244.114 241.598 240.591 240.251 330.34 237.504 387.405
threshold=1.0000000180025095e-35 323.50000000000006 1.0000000180025095e-35 0.0020833333837799732 478.19166564941412 19.85000038146973 0.047707496210932739 0.016680579632520679 0.075134411454200759 478.19166564941412 478.19166564941412 0.047569444403052337 36.500000000000007 0.36889338493347174 0.2107186168432236 1.0000000180025095e-35 3.5000000000000004 1.0000000180025095e-35 0.11145617812871934 478.19166564941412 40.500000000000007 0.050423728302121169 85.500000000000014 1.0000000180025095e-35 -0.32833991944789881 1.0000000180025095e-35 0.11840277537703515 0.897424876689911 995.50000000000011 1.5000000000000002 1.0000000180025095e-35 0.17642974108457568 0.25099843740463262 3.2288433313369755 1.0026074647903445 -0.47851383686065668 2.5000000000000004 14.238143920898439 2.0084705352783208 293.50000000000006 1.0000000180025095e-35 6070.5000000000009
decision_type=2 2 2 2 2 2 2 2 2 2 2 2 2 2 2 2 2 2 2 2 2 2 2 2 2 2 2 2 2 2 2 2 2 2 2 2 2 2 2 2 2 2
left_child=1 4 6 11 7 8 19 20 29 13 17 -3 25 21 15 -15 -14 18 -8 35 -1 26 -18 30 -25 -9 -5 -16 -13 -4 31 -10 33 34 -22 -2 40 -34 39 -36 41 -17
right_child=2 3 5 9 -6 -7 10 12 23 -11 -12 28 16 14 27 36 22 -19 -20 -21 32 -23 -24 24 -26 -27 -28 -29 -30 -31 -32 -33 37 -35 38 -37 -38 -39 -40 -41 -42 -43
leaf_value=0.0018932800730381292 -0.0001425185350621423 -0.019538251604346437 0.021590279292299376 -0.0013648078040793584 -0.011141508662995906 0.048716360187612939 0.029267447556231677 0.015418684316490771 0.038206033199549481 -0.021052811784944291 0.0040291328031193951 -0.025585441649162603 0.02617205705819655 -0.010073808059717665 0.03716832823608672 0.0060539687801782144 0.042591251696072474 0.014684883195731501 0.036578788153377638 -0.0075846664160914984 0.00072761182088906578 0.030942390874222597 0.015117842311823624 0.0033190939154350064 0.03478329195279161 -0.0016436283587427773 0.049096066559682752 -0.030032268980010553 0.046289722401437465 0.031347900102384009 0.023274429694963152 0.045137253243536457 -0.020487044227352862 -0.0040589898124220019 0.075528184524459488 0.020927033114452313 -0.0018971121663568188 0.069317979026585305 0.021203981315779514 -0.0064304762659699744 -0.00047525968672256473 0.035634242817161432
leaf_weight=4161.0550903528929 371.88517640531063 6571.7778605818748 3003.8463522344828 634.7881525978446 1459.8474404737353 8053.6364744752645 11013.609335392714 9390.2866927981377 10853.001830637455 1515.9106122255325 828.35900612175465 49.387937590479851 10134.225611552596 4540.4477907121181 360.60662011802197 719.15946607291698 312.4173835515976 836.60961651802063 9542.602087199688 330.04308350384235 744.43940496444702 628.19845141470432 5043.3452577739954 306.70744583010674 789.07869476079941 799.678102850914 96.513128563761711 53.059879213571548 181.13400043547153 6819.9243420958519 629.96632985770702 7657.7616531699896 234.31557090580463 468.77123673260212 34.994284778833389 9753.3561681807041 1898.1141656041145 21.19124698638916 3078.5909707546234 379.07618050277233 738.73552934080362 481.56847757101059
leaf_count=18620 1395 50860 7817 2800 8912 8312 23930 31778 17539 11424 3304 308 27520 28240 1015 3422 663 2398 16813 1696 3303 1841 16161 911 1353 3425 242 288 668 14202 1390 10041 1173 2198 60 27760 9683 34 10940 1814 3764 1783
internal_value=0.0220471 0.00738893 0.0333801 -0.00791862 0.0151855 0.0386844 0.027193 0.0162898 0.0359967 -0.00214038 0.0309174 -0.0178293 0.0194025 0.000683872 -0.00186175 -0.00336327 0.0229041 0.0319585 0.0326615 0.0192776 0.00752752 0.017146 0.0167204 0.0397019 0.0259766 0.0140797 0.00529473 0.0285487 0.0308909 0.0283643 0.0404876 0.0410734 0.0122529 0.0136261 0.0155827 0.0201532 0.00457634 -0.0130387 0.018749 0.000496062 0.0109118 0.0179176
internal_weight=125522 54731.6 70790.4 18469.4 36262.2 38113.9 32676.5 34802.4 30060.3 11667.1 22221.2 6802.3 25680 10151.2 8791.69 8378.03 15490 21392.8 20556.2 10455.3 9122.43 1359.5 5355.76 20236.5 1095.79 10190 731.301 413.666 230.522 9823.77 19140.7 18510.8 4961.38 4705.87 4237.1 10125.2 3837.58 255.507 3492.66 414.07 1939.46 1200.73
internal_count=381800 242939 138861 116338 126601 61565 77296 117689 53253 64502 46445 51836 79547 53078 48195 46892 44344 43141 40743 30851 38142 4883 16824 31234 2264 35203 3042 1303 976 22019 28970 27580 19522 18315 16117 29155 18652 1207 12814 1874 8969 5205
is_linear=0
shrinkage=0.0255234


Tree=21
num_leaves=43
num_cat=0
split_feature=7 11 5 25 25 25 8 5 22 43 34 7 19 14 19 16 14 25 22 10 16 7 45 34 9 27 21 9 25 7 45 14 10 10 27 10 21 45 45 45 24 45
split_gain=26887.4 9515.49 3220.12 3253.99 2282.69 2189.09 1398.23 1163.91 1206.68 880.319 849.052 766.594 724.779 716.938 628.256 558.456 500.142 483.998 585.411 458.842 434.5 376.767 371.264 335.81 313.775 312.267 357.08 303.205 300.769 252.653 251.886 249.987 248.349 242.984 242.708 237.202 355.723 222.84 258.892 242.967 223.269 221.601
threshold=0.093049075454473509 1.0000000180025095e-35 478.19166564941412 -0.048499103635549538 -0.0041797694284468881 1.0000000180025095e-35 19.875000000000004 478.19166564941412 0.53899756073951732 1.0000000180025095e-35 1.0000000180025095e-35 0.31754262745380407 1.0000000180025095e-35 39.500000000000007 1.0000000180025095e-35 2.5000000000000004 1.0000000180025095e-35 -0.080456349998712526 3.0284566879272465 89.951953887939467 5.5000000000000009 1.0000000180025095e-35 -0.38703311979770655 7.5000000000000009 4.116945981979371 167.50000000000003 0.65201023221015941 1.8623455762863161 -0.048499103635549538 1.5817022919654848 -0.44209216535091395 53.500000000000007 188.85219573974612 112.64905929565431 199.50000000000003 158.57906341552737 1.7465277314186098 -0.38555960357189173 -0.41677410900592798 -0.34236247837543482 6.9749999046325692 -0.029292826540768143
decision_type=2 2 2 2 2 2 2 2 2 2 2 2 2 2 2 2 2 2 2 2 2 2 2 2 2 2 2 2 2 2 2 2 2 2 2 2 2 2 2 2 2 2
left_child=4 2 3 9 7 12 11 8 28 17 14 31 -6 15 21 -5 -12 18 23 -15 41 -10 27 24 -2 -21 -27 -13 -1 30 -19 -3 -30 -14 -26 36 -35 38 -16 -39 -41 -4
right_child=1 6 20 13 5 -7 -8 -9 10 -11 16 22 33 19 37 -17 -18 29 -20 25 -22 -23 -24 -25 34 26 -28 -29 32 -31 -32 -33 -34 35 -36 -37 -38 39 -40 40 -42 -43
leaf_value=0.030602830891136416 0.035213807760213808 0.025523123462665567 -0.01629175570187285 0.016530597815085306 -0.018304075645284607 0.042722232532662746 0.046857869761299568 -0.018688459957276117 -0.010766090892498838 0.0092058802345362425 -0.0079828813861062501 0.038583721937772153 -0.012713077929596651 0.0078007311350610786 0.0037415668212518877 0.0046908483947599583 0.019633704694832169 0.0090153841829352897 -0.0067681440238782321 0.033990964975996352 0.0102006067080054 0.003772668318243039 0.039438893236752329 0.015672474746529323 0.039482256249951088 0.0018485369200423555 0.020976031671327115 0.022955168829658243 0.010510260928980317 -0.01932154293093934 0.025797948129687033 0.034606017120818566 0.075006179709806803 -0.012208162331392885 0.027115994108830605 -0.015757200414709717 0.013660785087212734 -0.0085496845524096893 0.022218347988180079 0.0024345202054697826 0.023577789131604555 0.009720817285511673
leaf_weight=1401.6437105983496 10580.844876304269 5548.7987663894892 1618.5080178081989 5158.0102956742048 6398.9940400794148 476.55333241820335 8598.6391613036394 1289.2468366995454 3648.7383550256491 1579.4781998544931 511.11897601187229 1475.4165728390217 1188.552800513804 1947.4481572955847 968.52382481098175 5223.464433953166 2601.8634389936924 614.64491493999958 262.98711776733398 1117.3633306324482 744.69349017739296 1703.1871776580811 16472.340055033565 831.86597186326981 1190.3959895670414 675.07532671093941 10931.30815307796 1789.5337973684072 1075.3177006915212 84.682454362511635 11172.695224478841 3064.0495126396418 40.352970443665981 491.23401733487844 7865.5420277267694 404.77438700199127 1173.5425316393375 945.48916897177696 1008.3555240482092 1379.342503555119 425.79487738758326 245.73711584508419
leaf_count=3659 19608 12986 9608 17294 48609 626 9194 9566 23178 5115 2442 2207 7882 6909 4510 19748 9603 2050 1058 2678 3598 7179 24686 2308 2268 2711 31751 4108 3919 372 27564 5815 75 2837 17852 2444 5853 4941 3847 6523 1640 979
internal_value=0.0214136 0.0275943 0.0214716 0.0226939 -0.00109111 -0.0106795 0.0378423 0.00462482 0.00653807 0.0278151 0.00344808 0.0351079 -0.0133147 0.0157062 -0.000150361 0.0105734 0.0150993 0.0287167 0.0310699 0.0193382 -0.00627965 -0.0061393 0.0378804 0.0315561 0.032229 0.0211041 0.0198635 0.0300176 0.0227317 0.0246072 0.0249228 0.0287544 0.012843 -0.00351549 0.0287415 0.00176672 0.0060275 0.00662961 0.0131661 0.00193182 0.00742179 -0.0128629
internal_weight=125926 98793.5 61844.7 59235.8 27132.6 10133.7 36948.8 16999 15709.7 34183.1 13192.4 28350.1 9657.1 25052.7 10079.4 10381.5 3112.98 32603.7 20731.6 14671.2 2608.94 5351.93 19737.3 20468.6 19636.8 12723.7 11606.4 3264.95 2517.31 11872 11787.3 8612.85 1115.67 3258.1 9055.94 2069.55 1664.78 4727.51 1976.88 2750.63 1805.14 1864.25
internal_count=381800 232467 173471 159286 149333 68251 58996 81082 71516 78195 63863 49802 67625 81091 51818 37042 12045 73080 43094 44049 14185 30357 31001 42036 39728 37140 34462 6315 7653 29986 29614 18801 3994 19016 20120 11134 8690 21461 8357 13104 8163 10587
is_linear=0
shrinkage=0.0255234


Tree=22
num_leaves=43
num_cat=0
split_feature=0 1 2 1 3 5 1 1 21 19 2 1 5 5 5 9 2 12 1 23 5 33 3 1 21 1 23 9 9 1 3 1 32 23 23 31 40 41 9 9 1 25
split_gain=28725.7 12322 4881.01 3187.44 2461.43 1584.42 1397.96 1057.22 898.339 890.709 1375.23 769.54 751.67 707.593 654.737 568.044 482.889 482.702 467.721 455.608 449.824 419.095 345.845 341.656 329.868 296.933 273.504 255.797 309.459 360.668 252.464 264.739 318.825 293.162 249.688 238.33 234.396 226.891 223.521 222.448 222.05 226.242
threshold=1.0000000180025095e-35 -0.057232525199651711 3.4304223060607915 -0.10528176650404929 19.85000038146973 478.19166564941412 -0.17257089912891385 -0.27039666473865503 12.538194656372072 1.0000000180025095e-35 2.5293966531753544 -0.026579079218208786 478.19166564941412 478.19166564941412 478.19166564941412 4.6242895126342782 2.2699079513549809 1.0000000180025095e-35 -0.13451258838176725 2.19537365436554 478.19166564941412 1276.108337402344 19.641666412353519 -0.19504465162754056 6.2368056774139413 -0.26776459813117975 2.0780544281005864 1.8199540972709658 2.3686103820800786 -0.084452670067548738 9.491666793823244 -0.079619124531745897 170.50000000000003 7.0567030906677255 2.9438351392745976 1.0000000180025095e-35 1.0000000180025095e-35 1.0000000180025095e-35 15.014745712280275 0.51613047719001781 -0.10435774922370909 -0.018009814433753487
decision_type=2 2 2 2 2 2 2 2 2 2 2 2 2 2 2 2 2 2 2 2 2 2 2 2 2 2 2 2 2 2 2 2 2 2 2 2 2 2 2 2 2 2
left_child=1 3 14 5 6 7 20 -1 12 10 21 34 17 15 16 30 39 27 -11 -12 38 -9 25 -23 26 -18 -20 -5 29 -29 31 32 33 -8 -3 -21 -17 -10 -4 -2 -30 -42
right_child=2 11 4 8 -6 -7 13 9 37 18 19 -13 -14 -15 -16 36 22 -19 24 35 -22 23 -24 -25 -26 -27 -28 28 40 -31 -32 -33 -34 -35 -36 -37 -38 -39 -40 -41 41 -43
leaf_value=0.033475482381603944 0.032898524470416052 -0.0084624500660780821 0.0316279923320711 -0.0085702300105448808 0.046168109128339858 -0.0083683545309582788 0.023455566292059443 0.010171800802297544 0.032797716217232743 0.026394358399010373 0.0023750740407568094 -0.027492442980967681 -0.021714854977200573 -0.010685037845338185 0.014192650872059013 0.026668916436156355 0.037510438653324256 0.0089362718272762032 -0.0011109275838041227 0.017970273261982469 0.0010665062227537497 -0.026594022366190885 0.046463356718678989 -0.0029467231945305141 0.027000686204063647 0.029910113616006449 0.015836670327723113 0.028574267653951352 -0.029299623710675279 -0.0046326613256954564 0.031562794013632864 0.0049152560448596583 0.012855287476222761 -0.011347474028787632 -0.022633349592577623 0.037475492933246722 0.017709519794181144 -0.0009306867135666589 0.0083705259461537111 0.043653290276353174 0.0054636270048876029 -0.0044555665423964231
leaf_weight=2815.7959853336215 1382.3106834292412 2918.4817927107215 11674.496243774891 2000.6374344080687 3368.9819262623787 1489.9077265933156 4160.145917981863 1077.9834645539522 800.38605204969645 6881.4024159610271 1236.3330016583204 4828.6102993264794 836.11915294826031 491.77264449000359 693.8475233912468 8087.7141813933849 10478.353731036186 5759.0368396192789 798.70278948545456 8684.1357164531946 334.13806264102459 555.10081645101309 1960.5581206679344 1406.529418900609 1315.2642571926117 4921.4724167585373 2777.7057946920395 552.04004222154617 167.02743588387966 347.00753669440746 675.85282823443413 1353.0700410306454 5450.1958289444447 163.8813306838274 1121.1568590551615 428.21150751411915 2487.2838931679726 155.10649055987597 275.55224226415157 13379.930145680904 3015.5535751581192 2976.5139809399843
leaf_count=5747 2498 18340 22979 10281 3543 9390 11266 4619 2371 18412 4738 42836 5960 2610 2137 18997 15653 23489 3224 25986 1348 4205 2021 7771 3681 9152 9707 1934 866 1801 1252 4664 16367 637 7959 907 7006 684 743 15988 12433 15598
internal_value=0.0208063 0.00693547 0.0314894 0.0122381 0.0253275 0.0172781 0.0233302 0.0186439 0.00329663 0.0169841 0.0124809 -0.0206155 0.00183013 0.0196 0.0387228 0.0202655 0.0392526 0.00315869 0.0221051 0.0169142 0.030275 -0.00261283 0.0363669 -0.00963843 0.0160713 0.0350815 0.0120518 -0.000514352 0.00176909 0.0157573 0.0164164 0.0154964 0.0169612 0.0221365 -0.0123954 0.0188869 0.0245616 0.0273225 0.0310917 0.0426462 -0.000272773 0.000536341
internal_weight=126284 54944.8 71339.6 46076.5 38523.1 29467.1 35154.1 27977.2 16609.4 25161.4 13388.3 8868.25 15653.9 22869.9 32816.5 22378.1 32122.6 14817.8 11773.1 10348.7 12284.2 3039.61 17360.4 1961.63 4891.67 15399.8 3576.41 9058.78 7058.14 899.048 11803.1 11127.3 9774.22 4324.03 4039.64 9112.35 10575 955.493 11950 14762.2 6159.09 5992.07
internal_count=381800 242939 138861 173804 91412 98387 87869 88997 75417 83250 48226 69135 72362 62799 47449 60189 45312 66402 35024 31631 25070 16595 26826 11976 16612 24805 12931 42913 32632 3735 34186 32934 28270 11903 26299 26893 26003 3055 23722 18486 28897 28031
is_linear=0
shrinkage=0.0255234


Tree=23
num_leaves=43
num_cat=0
split_feature=4 2 18 3 2 5 5 14 3 12 3 36 39 14 14 2 5 45 14 33 18 39 45 18 9 9 6 23 7 45 12 4 10 38 27 4 4 47 3 3 39 4
split_gain=24391.7 10434.7 2791.19 2350.3 1709.66 1650.26 1434.96 1273.83 997.466 818.874 759.075 697.223 681.69 578.31 493.231 537.493 488.23 453.583 450.14 448.506 431.014 410.811 409.759 409.757 456.401 391.257 359.881 351.168 338.793 338.285 307.997 307.307 295.672 287.684 285.125 280.771 278.401 265.464 264.958 251.893 248.075 238.204
threshold=183.50000000000003 4.3898940086364755 0.0041797694284468898 17.741666793823246 2.8416142463684086 478.19166564941412 478.19166564941412 47.500000000000007 10.574999809265138 1.0000000180025095e-35 19.42499923706055 366.50000000000006 -1.0000000180025095e-35 83.500000000000014 45.500000000000007 7.2481312751770028 478.19166564941412 -0.44382949173450464 25.500000000000004 1363.8083496093752 0.020887871272861961 0.6078576147556306 -0.37370252609252924 0.047707496210932739 0.69170600175857555 1.6044600009918215 2.487216711044312 7.4882607460021982 0.4996077567338944 -0.38087734580039972 1.0000000180025095e-35 307.50000000000006 100.20553207397462 6.5000000000000009 172.50000000000003 19.500000000000004 31.500000000000004 10.500000000000002 21.258333206176761 19.008333206176761 -1.0000000180025095e-35 351.50000000000006
decision_type=2 2 2 2 2 2 2 2 2 2 2 2 2 2 2 2 2 2 2 2 2 2 2 2 2 2 2 2 2 2 2 2 2 2 2 2 2 2 2 2 2 2
left_child=1 4 9 6 18 8 7 11 12 38 16 14 33 23 15 17 22 37 -1 20 32 -17 28 24 -9 -22 39 -19 29 -6 41 -27 -14 -4 -26 -36 -23 -3 -2 -20 -30 -21
right_child=2 3 5 -5 10 -7 -8 13 -10 -11 -12 -13 19 -15 -16 21 -18 27 26 30 25 36 -24 -25 34 31 -28 -29 40 -31 -32 -33 -34 -35 35 -37 -38 -39 -40 -41 -42 -43
leaf_value=0.043609897185185577 -0.017312840603746386 0.016471065850766277 -0.0038372897277004722 0.044284317912045762 0.029809354613959099 -0.019197681792063603 -0.009811553354588165 -0.012297110902880352 0.04247513342560115 0.0053026332097562733 0.045318454941410118 0.0287360296199974 -0.0055900091790576272 0.0061891730015774197 -0.015784875951422792 0.0061212265775544171 0.0068143996182643725 0.019003834183126019 0.035992191269267504 0.0073357361442337871 0.028786014634944183 0.023943669856935527 0.031423553900785321 0.026990560863206416 0.032779328529413634 0.023147125571941467 0.020053675686008174 -0.010706258913277427 -0.0021585127063535985 0.014451048248980539 0.013844117817222704 0.0026895148173399874 0.012879846843279778 0.026248474449991403 0.025620038687698906 0.015700560635983348 0.010791425172909602 -0.009147550895646955 0.047868759144090445 0.045468197012762321 0.020319996169592743 -0.0084089443388011831
leaf_weight=9136.2285053730011 7497.4401161372662 441.87769298255444 4439.8955553099513 2123.2955959886312 4649.328785404563 1780.4537132009864 1279.5591761693358 282.73475697636604 493.87884269654751 1255.6405864357948 1833.8956320136786 1945.9157699346542 953.47149113565683 1361.0968588143587 384.76809519529343 8093.9004018753767 672.35537333786488 11821.604474782944 12419.75125181675 1031.3053940087557 1605.1623220443726 1687.2491079419851 14207.140477105975 10101.406035378575 1107.8598595559597 858.54256877303123 824.55296598374844 264.97886663675308 476.40875780582428 1169.2307026386261 1104.7344471663237 1080.1661599054933 1384.4938589408994 217.17536091804504 2785.7477643191814 5586.998665034771 2769.2881892174482 652.71184146404266 40.847337424755096 2142.7272946089506 973.1506008207798 1592.7155648991466
leaf_count=10952 58449 1353 23048 2324 9121 13525 7315 1326 600 6011 1915 4776 4751 4643 1622 30859 2629 33393 18557 4407 4759 4775 26537 23444 2640 2785 1885 1125 1488 2904 4234 5341 6264 782 6669 17162 10434 2476 41 2234 2305 9940
internal_value=0.0202342 0.0258414 -0.00216196 0.0179778 0.0343837 0.00401482 0.0168732 0.017566 0.00681458 -0.0137809 0.029538 0.0139974 0.00558018 0.0222839 0.0128992 0.0133281 0.0282313 0.0169277 0.0391223 0.0094638 0.0138539 0.00954772 0.0289019 0.0233867 0.019658 0.0194658 0.0364577 0.0183525 0.0239727 0.0267231 0.00253876 0.011749 0.00534745 -0.00243428 0.020611 0.0190009 0.0157709 0.00119449 -0.0169596 0.0373865 0.0129323 -0.00222089
internal_weight=126532 101196 25335.9 52691 48504.8 16542 50567.7 49288.1 14761.5 8793.93 23981.5 28062.3 14267.7 21225.8 26116.4 25731.6 22147.6 13181.2 24523.3 9610.59 5881.84 12550.4 21475.3 19864.7 9763.34 3543.87 15387 12086.6 7268.12 5818.56 3728.76 1938.71 2337.97 4657.07 9480.61 8372.75 4456.54 1094.59 7538.29 14562.5 1449.56 2624.02
internal_count=381800 236863 144937 156336 80527 80436 154012 146697 66911 64501 46899 90813 66311 55884 86037 84415 44984 38347 33628 42481 23900 46068 42355 51241 27797 12885 22676 34518 15818 12025 18581 8126 11015 23830 26471 23831 15209 3829 58490 20791 3793 14347
is_linear=0
shrinkage=0.0255234


Tree=24
num_leaves=43
num_cat=0
split_feature=0 1 11 1 1 3 1 5 1 21 5 1 13 7 5 1 18 37 18 16 43 43 1 5 43 3 44 21 17 16 1 1 13 13 1 13 36 13 22 7 45 43
split_gain=25814.3 11386 3106.61 2894.41 2655.85 1500.98 1518.96 1398.4 950.793 822.214 784.549 759.701 710.224 811.638 695.066 558.848 540.467 512.449 397.608 397.591 377.69 372.624 289.05 272.928 271.278 271.178 266.618 279.917 266.451 260.654 252.535 251.168 227.009 224.587 286.545 537.957 345.175 292.777 241.866 223.638 223.261 220.778
threshold=1.0000000180025095e-35 -0.057232525199651711 1.0000000180025095e-35 -0.10528176650404929 -0.26776459813117975 19.85000038146973 -0.27945937216281885 478.19166564941412 -0.27039666473865503 12.538194656372072 478.19166564941412 -0.026579079218208786 -0.027067188173532482 1.0000000180025095e-35 478.19166564941412 -0.1608871445059776 0.077875245362520232 1.0000000180025095e-35 0.13056439906358722 3.5000000000000004 1.0000000180025095e-35 1.0000000180025095e-35 -0.15166730433702466 478.19166564941412 1.0000000180025095e-35 6.0916666984558114 1.0000000180025095e-35 6.8340277671813974 12.145833492279055 2.5000000000000004 -0.055562399327754967 -0.44258223474025721 -0.10747891291975974 -0.12538602948188779 -0.085720963776111589 -0.046288913115859025 370.50000000000006 -0.082083880901336656 0.81261032819747936 0.086874913424253478 -0.36575165390968317 1.0000000180025095e-35
decision_type=2 2 2 2 2 2 2 2 2 2 2 2 2 2 2 2 2 2 2 2 2 2 2 2 2 2 2 2 2 2 2 2 2 2 2 2 2 2 2 2 2 2
left_child=1 3 4 7 23 6 31 8 20 14 15 -3 17 21 19 -6 -8 -10 29 33 -1 -14 -19 -2 -20 40 27 -24 32 30 -17 -4 39 -5 35 -35 37 -36 -38 -21 -18 -33
right_child=2 11 5 9 10 -7 16 -9 12 -11 -12 -13 13 -15 -16 18 25 22 24 28 -22 -23 26 -25 -26 -27 -28 -29 -30 -31 -32 41 -34 34 36 -37 38 -39 -40 -41 -42 -43
leaf_value=0.033242178269245505 0.035076523251009073 -0.012127545005529304 0.043623947316176546 0.014082339588984034 0.025167683966226068 0.044601363751144145 0.022841384437710058 -0.0079475909896821618 0.0040165103693546823 0.025838244432879846 -0.0068177096896209991 -0.027281094069387803 0.00059599217200653461 0.014223398438894815 -0.021313329147037256 0.019664735158224547 0.022713636866132491 0.023881185119670897 0.028807492852286346 0.031808131569470779 -0.02043788813912556 -0.027659566616274656 0.012991493022741893 0.013965371624072943 -0.0038264411727584728 0.038249408475842288 0.032205884020301695 0.023235390620162364 -0.011179869605973017 0.010935809084661961 -0.016514939723229656 0.036659612701411763 -0.0025322728076839214 -0.004527685805798657 0.012442492621243086 0.01538062245056163 -1.4967113561832522e-05 -0.0056036400726295716 0.090638942202069944 0.0039777787287735306 0.032731329781295476 0.00024305190560701891
leaf_weight=2758.4283339679241 10656.765909403563 3995.951037414372 4614.9789285808802 1809.2511410713196 8103.9064289331436 7948.3151694834232 8833.3203214108944 1469.2265027910471 1411.8512943685055 970.73600299656391 741.94611042737961 4678.6611024811864 1456.1641292944551 5623.5139520019293 815.29586490988731 5130.6576705425978 2428.7430458366871 7195.9881581068039 2141.8592232167721 267.93035933375359 88.113188333809376 384.28474197536707 6233.7709582298994 414.45057964324951 179.87603381276131 2848.3252254426479 701.72177621722221 2409.3285411447287 1667.0880113691092 5810.6476261019707 128.83648358285427 8005.2555677443743 2705.9799928814173 1315.5007126778364 728.97217462956905 2696.985917314887 33.379747368395329 2979.0504118278623 45.044977396726608 631.30090776085854 3593.8049593567848 109.94147758185863
leaf_count=5176 16591 26299 5279 7056 17893 8312 20454 9390 5195 3055 3717 42836 7735 17788 5960 14060 5294 19253 4551 945 571 2973 21530 1283 615 4001 1817 6959 9527 18015 571 11598 12004 5896 2746 10478 164 15020 90 2476 6329 298
internal_value=0.0196804 0.00653928 0.0297754 0.0115572 0.0240719 0.0347249 0.0321455 0.01633 0.017592 0.00304272 0.0189867 -0.0203006 0.0160254 0.00940843 0.00163289 0.0198774 0.0273103 0.0187764 0.016676 0.0028901 0.0315805 -0.00530375 0.0200363 0.0342862 0.0262792 0.0317604 0.0170755 0.0158471 -0.00274198 0.0146619 0.0187785 0.0388698 0.00115978 0.0059806 0.0041011 0.00885365 -0.000935166 -0.00205589 0.052054 0.01227 0.0286914 0.0361663
internal_weight=126765 55073.5 71691.6 46398.9 33308.9 38382.7 30434.4 29732.4 28263.2 16666.5 22237.7 8674.61 25416.6 7463.96 15695.8 21495.8 17704.2 17952.7 13391.9 14880.5 2846.54 1840.45 16540.8 11071.2 2321.74 8870.87 9344.82 8643.1 5272.3 11070.1 5259.49 12730.2 3605.21 9608.19 7798.93 4012.49 3786.45 3708.02 78.4247 899.231 6022.55 8115.2
internal_count=381800 242939 138861 173804 77296 61565 53253 98387 88997 75417 59422 69135 83250 28496 72362 55705 36078 54754 37812 66402 5747 10708 49559 17874 5166 15624 30306 28489 24952 32646 14631 17175 15425 41450 34394 16374 18020 17766 254 3421 11623 11896
is_linear=0
shrinkage=0.0255234


end of trees

feature_importances:
breakdown_equipment_failure_zscore=181
breakdown_equipment_failure_cv_7d=67
id_fabrica_area_encoded=61
avg_event_duration=55
breakdown_equipment_failure_std_7d=45
breakdown_and_equipment_failure_time_duration=39
dia_semana=39
minor_stoppages_std_7d=37
avg_minor_stoppages_subcategoria=36
quality_defect_loss_zscore=30
avg_breakdown_equipment_failure_subcategoria=29
ucl_time=29
speed_loss_cv_7d=28
diff_breakdown_equipment_failure_vs_subcategoria=28
subcategoria_32=24
minor_stoppages_cv_7d=23
horas_desde_ultimo_breakdown=22
ratio_ucl_total=22
speed_loss_std_7d=21
duracion_eventos_criticos=19
measurement_adjustment_rolling_24h=19
process_failure_rolling_24h=18
speed_loss_zscore=17
dias_desde_ultimo_breakdown=16
concurrent_breakdown_equipment_failure_area_24h=13
breakdown_equipment_failure_rolling_6h=13
minor_stoppages_duration=12
dia_sin=11
subcategoria_0=11
horas_desde_ultimo_pm=10
process_failure_rolling_24h_avg=9
ratio_unplanned_total=7
minor_stoppages_rolling_24h=7
quality_defect_loss_rolling_24h_avg=6
avg_duration_per_event=5
subcategoria_13=5
process_failure_rolling_12h=5
minor_stoppages_severity_score=4
speed_loss_rolling_24h=4
evento_mas_frecuente_count=4
subcategoria_30=4
minor_stoppages_nivel3_duration=3
measurement_adjustment_rolling_6h=3
es_fin_semana=3
area_stress_level_24h=2
minor_stoppages_rolling_6h_avg=2
minor_stoppages_rolling_12h=2

parameters:
[boosting: gbdt]
[objective: binary]
[metric: auc,binary_logloss]
[tree_learner: serial]
[device_type: cpu]
[data_sample_strategy: bagging]
[data: ]
[valid: ]
[num_iterations: 1000]
[learning_rate: 0.0255234]
[num_leaves: 43]
[num_threads: -1]
[seed: 42]
[deterministic: 0]
[force_col_wise: 0]
[force_row_wise: 0]
[histogram_pool_size: -1]
[max_depth: 10]
[min_data_in_leaf: 66]
[min_sum_hessian_in_leaf: 0.0131658]
[bagging_fraction: 0.54063]
[pos_bagging_fraction: 1]
[neg_bagging_fraction: 1]
[bagging_freq: 10]
[bagging_seed: 400]
[bagging_by_query: 0]
[feature_fraction: 0.590368]
[feature_fraction_bynode: 1]
[feature_fraction_seed: 30056]
[extra_trees: 0]
[extra_seed: 12879]
[early_stopping_round: 0]
[early_stopping_min_delta: 0]
[first_metric_only: 0]
[max_delta_step: 0]
[lambda_l1: 0.000381983]
[lambda_l2: 3.18317e-07]
[linear_lambda: 0]
[min_gain_to_split: 0]
[drop_rate: 0.1]
[max_drop: 50]
[skip_drop: 0.5]
[xgboost_dart_mode: 0]
[uniform_drop: 0]
[drop_seed: 17869]
[top_rate: 0.2]
[other_rate: 0.1]
[min_data_per_group: 100]
[max_cat_threshold: 32]
[cat_l2: 10]
[cat_smooth: 10]
[max_cat_to_onehot: 4]
[top_k: 20]
[monotone_constraints: ]
[monotone_constraints_method: basic]
[monotone_penalty: 0]
[feature_contri: ]
[forcedsplits_filename: ]
[refit_decay_rate: 0.9]
[cegb_tradeoff: 1]
[cegb_penalty_split: 0]
[cegb_penalty_feature_lazy: ]
[cegb_penalty_feature_coupled: ]
[path_smooth: 0]
[interaction_constraints: ]
[verbosity: -1]
[saved_feature_importance_type: 0]
[use_quantized_grad: 0]
[num_grad_quant_bins: 4]
[quant_train_renew_leaf: 0]
[stochastic_rounding: 1]
[linear_tree: 0]
[max_bin: 255]
[max_bin_by_feature: ]
[min_data_in_bin: 3]
[bin_construct_sample_cnt: 200000]
[data_random_seed: 175]
[is_enable_sparse: 1]
[enable_bundle: 1]
[use_missing: 1]
[zero_as_missing: 0]
[feature_pre_filter: 0]
[pre_partition: 0]
[two_round: 0]
[header: 0]
[label_column: ]
[weight_column: ]
[group_column: ]
[ignore_column: ]
[categorical_feature: ]
[forcedbins_filename: ]
[precise_float_parser: 0]
[parser_config_file: ]
[objective_seed: 16083]
[num_class: 1]
[is_unbalance: 0]
[scale_pos_weight: 4.00316]
[sigmoid: 1]
[boost_from_average: 1]
[reg_sqrt: 0]
[alpha: 0.9]
[fair_c: 1]
[poisson_max_delta_step: 0.7]
[tweedie_variance_power: 1.5]
[lambdarank_truncation_level: 30]
[lambdarank_norm: 1]
[label_gain: ]
[lambdarank_position_bias_regularization: 0]
[eval_at: ]
[multi_error_top_k: 1]
[auc_mu_weights: ]
[num_machines: 1]
[local_listen_port: 12400]
[time_out: 120]
[machine_list_filename: ]
[machines: ]
[gpu_platform_id: -1]
[gpu_device_id: -1]
[gpu_use_dp: 0]
[num_gpu: 1]

end of parameters

pandas_categorical:[]
