tree
version=v4
num_class=1
num_tree_per_iteration=1
label_index=0
max_feature_idx=62
objective=binary sigmoid:1
feature_names=breakdown_equipment_failure_std_7d breakdown_equipment_failure_zscore avg_breakdown_equipment_failure_subcategoria subcategoria_23 quality_defect_loss_zscore process_failure_zscore id_fabrica_area_encoded is_high_risk_subcategoria dias_desde_ultimo_breakdown avg_minor_stoppages_subcategoria breakdown_and_equipment_failure_time_duration breakdown_equipment_failure_rolling_24h speed_loss_zscore avg_event_duration minor_stoppages_cv_7d horas_desde_ultimo_breakdown mpl_time measurement_adjustment_rolling_24h minor_stoppages_rolling_24h minor_stoppages_std_7d subcategoria_0 horas_desde_ultimo_pm subcategoria_48 pm_duration_total_30d dia_semana concurrent_breakdown_equipment_failure_area_24h breakdown_equipment_failure_rolling_6h ratio_unplanned_total breakdown_equipment_failure_cv_7d subcategoria_12 dia_sin ucl_time horas_desde_ultimo_cm subcategoria_34 area_stress_level_24h ratio_eventos_criticos_total tiene_historial_pm tiene_historial_cm duracion_eventos_criticos evento_mas_largo_duracion subcategoria_17 idle_time_nivel3_duration cm_count_30d idle_time_duration max_event_duration dia_cos pm_duration_total_24h subcategoria_47 quality_defect_loss_rolling_24h idle_time_frecuencia_por_hora ratio_mpl_total subcategoria_20 pm_duration_total_7d pm_count_30d mantenimiento_total_duracion_7d pm_duration_max_24h ratio_ucl_total diff_breakdown_equipment_failure_vs_subcategoria pm_frecuencia_mensual total_duration subcategoria_13 minor_stoppages_rolling_12h process_failure_rolling_24h_avg
feature_infos=[0:9.5225467681884766] [-0.5035557746887207:10] [0:2.5736110210418701] [0:1] [-0.24999998509883881:10] [-0.42256057262420654:10] [0:73] [0:1] [0.041666667908430099:416.625] [0:68.608329772949219] [0:720] [0:341] [-0.44563114643096924:1.7847706079483032] [-67.227012634277344:722.98333740234375] [0:10] [1:9999] [-1779.933349609375:9368.466796875] [0:153] [0:4262] [0:95.113822937011719] [0:1] [1:9999] [0:1] [0:8702] [0:6] [0:341] [0:166] [0:100] [0:10] [0:1] [-0.97492790222167969:0.97492790222167969] [-0.033333335071802139:726.9666748046875] [1:9999] [0:1] [1:8520] [0:1] [0:1] [0:1] [0:720] [0:9368.466796875] [0:1] [0:720] [0:92] [-0.033333335071802139:720] [-41.233333587646484:722.98333740234375] [-0.90096884965896606:1] [0:7620] [0:1] [0:5397.16650390625] [0:550] [0:100] [0:1] [0:7875] [0:35] [0:7875] [0:3780] [0:100] [-2.5736110210418701:40.677776336669922] [0:1.1666666269302368] [0.10000000149011612:120] [0:1] [0:1556] [0:1.4166666269302368]
tree_sizes=3551 3589 3606 3587 3367 3382 3416 3511 3506 3495 3623 3616 3628 3509 3625 3515 3543 3422 3518 3627 3631 3413 3628 3650 3624 3631 3629 3522 3426 3642 3650 3642 3546 3651

Tree=0
num_leaves=32
num_cat=0
split_feature=0 2 7 7 28 4 5 4 31 4 6 28 5 6 6 57 56 40 11 9 9 18 14 5 45 12 5 6 8 53 4
split_gain=2.87464e+06 527653 445200 214446 212997 158404 91025.1 85949.9 74360.2 65342.8 60297.3 58356.8 56484.9 55076.7 51666.2 47601.8 45474.2 32896.7 30035.8 29229.8 27711.5 24740.1 23250.3 23159.5 9070.49 8943.87 7725.69 7094.59 3681.63 3243.95 2442.03
threshold=1.0000000180025095e-35 1.0000000180025095e-35 1.0000000180025095e-35 1.0000000180025095e-35 7.9014945030212411 -0.027404041029512879 -0.019884500652551648 -0.014209880959242581 403.71665954589849 -0.012517334427684544 2.5000000000000004 6.4254760742187509 -0.01420258544385433 43.500000000000007 36.500000000000007 1.0000000180025095e-35 93.648723602294936 1.0000000180025095e-35 4.5000000000000009 6.1562500000000009 2.5673611164093022 478.50000000000006 0.97305864095687877 -0.12206304818391799 1.0000000180025095e-35 -0.18322885036468503 3.2704428434371953 69.500000000000014 10.145833492279055 10.500000000000002 -0.030358911491930481
decision_type=2 2 2 2 2 2 2 2 2 2 2 2 2 2 2 2 2 2 2 2 2 2 2 2 2 2 2 2 2 2 2
left_child=1 6 4 7 9 10 14 13 11 23 -6 25 16 -3 20 -7 -5 -9 -11 -13 -1 -14 -16 -2 29 -4 27 -8 -26 -10 -28
right_child=2 3 8 12 5 15 26 17 24 18 -12 19 21 -15 22 -17 -18 -19 -20 -21 -22 -23 -24 -25 28 -27 30 -29 -30 -31 -32
leaf_value=-3.3349071860669466 -3.0145798462549411 -3.3238168005014304 -3.0377219272768343 -3.1248947993608143 -3.0106047010840844 -3.3050512222485913 -3.5155891547589517 -3.4106895103817996 -3.4977256568102986 -3.2044301418859678 -3.1755961152003547 -3.0303483950108587 -3.4914496812766185 -3.2291224871274373 -3.3742603025251912 -2.9915516294328044 -3.3746927508136988 -3.2390903766222356 -3.0442312069501249 -3.1176611973597681 -3.4582020127221189 -3.0424306313957796 -3.2526716918393439 -3.0877800154438213 -3.16233428475643 -2.9667295994532124 -3.4749886996903334 -3.2609177203251951 -3.354300348107861 -3.1107440864665916 -3.1743940526453249
leaf_weight=624.54521671682596 2012.4556148573756 5054.2503650262952 587.01069962605834 2831.1898274347186 781.15211034938693 3989.1288551241159 3783.0143219009042 3102.5748907215893 84.544904507696629 1731.2297535315156 4011.7545326314867 4690.9627523683012 205.98403850197792 2827.2542300149798 1784.87474867329 148.28368176519871 232.81293235346675 368.99210604652762 431.6148159429431 1491.773285407573 3887.3832657560706 43.949498657137156 627.4302317686379 3486.2529014199972 71.132997304201126 4878.0275292210281 11.4845621176064 32.566601023077965 50.400275956839323 6.9176170751452437 26.160963088274002
leaf_count=15401 13230 121471 4626 36246 4960 91646 131879 89783 2862 29938 62844 35015 6900 52833 47980 782 6264 7103 3560 18489 122922 358 12559 37327 1061 18890 374 667 1298 83 408
internal_value=-3.22011 -3.3528 -3.10146 -3.28573 -3.15892 -3.21593 -3.44407 -3.32122 -3.02108 -3.09246 -3.14871 -3.01526 -3.16413 -3.28985 -3.40682 -3.29382 -3.14388 -3.39245 -3.17246 -3.05142 -3.44114 -3.41249 -3.34264 -3.06099 -3.3392 -2.97435 -3.511 -3.51342 -3.24194 -3.46845 -3.26608
internal_weight=53897.1 25444.5 28452.6 14667 16591.9 8930.32 10777.5 11353.1 11860.8 7661.55 4792.91 11647.8 3313.94 7881.5 6924.23 4137.41 3064 3471.57 2162.84 6182.74 4511.93 249.934 2412.3 5498.71 212.996 5465.04 3853.23 3815.58 121.533 91.4625 37.6455
internal_count=979759 653148 326611 320958 244287 160232 332190 271190 82324 84055 67804 77020 49768 174304 198862 92428 42510 96886 33498 53504 138323 7258 60539 50557 5304 23516 133328 132546 2359 2945 782
is_linear=0
shrinkage=1


Tree=1
num_leaves=32
num_cat=0
split_feature=8 11 7 5 4 3 57 19 37 10 3 0 31 5 4 9 38 31 29 57 24 9 5 31 37 5 12 3 61 0 5
split_gain=1.17781e+06 268257 180257 168749 133284 96385.8 70869.1 47400.3 34790.5 34419.2 33600.8 32800.8 29766.2 29541.9 20761.9 20592.8 19789.8 18275.4 14885 9696.13 9622.99 9339.05 5677.82 3348.95 2264.69 2196.06 1345.06 1249.67 1116.37 294.516 184.199
threshold=41.729166030883796 1.0000000180025095e-35 1.0000000180025095e-35 -0.02402627561241388 -0.012408714275807141 1.0000000180025095e-35 -0.0014493849594146011 1.2099696397781374 1.0000000180025095e-35 17.516666412353519 1.0000000180025095e-35 0.096449349075555815 479.43333435058599 -0.12115526571869849 -0.026851762086153027 6.0951387882232675 1.2083333730697634 479.43333435058599 1.0000000180025095e-35 -0.051335470750927918 1.5000000000000002 1.7798611521720888 -0.013628425076603888 72.474998474121108 1.0000000180025095e-35 2.0302351713180546 -0.19981152564287183 1.0000000180025095e-35 3.5000000000000004 0.14906167984008792 -0.12206304818391799
decision_type=2 2 2 2 2 2 2 2 2 2 2 2 2 2 2 2 2 2 2 2 2 2 2 2 2 2 2 2 2 2 2
left_child=1 2 4 5 6 7 -1 13 -9 10 18 -6 14 -2 -7 17 19 -4 -3 21 -17 -5 -21 -12 25 -18 -26 30 -14 -29 -11
right_child=3 9 15 16 11 12 -8 8 -10 27 23 -13 28 -15 -16 20 24 -19 -20 22 -22 -23 -24 -25 26 -27 -28 29 -30 -31 -32
leaf_value=0.23536520049010143 0.25539648070667759 0.28007325430252394 0.29447604857567306 0.33361600774108424 0.089263098312353531 0.20259952706571405 0.14286665143253391 0.068910528917102476 0.13960028315166451 0.37464706169856909 0.32518942476226198 0.18079891813275473 0.0057937181469637057 0.10719408355874036 0.32404128964276097 0.27671785600892884 0.34238917640661631 0.12406794957079745 0.16020602402042977 0.034776073091790857 0.21229415253863357 0.063452746369114355 -0.0070671633473452884 0.17553923857137499 0.14524088294509857 0.091457292614942495 0.36079072630510639 0.37608271162924878 0.15431147621746844 0.35313907399089428 0.39149312600262443
leaf_weight=13378.686669461429 948.01153457351029 10186.653243776411 8684.8311721701175 45.661810977384448 3549.125637030229 813.4852244630456 2991.7431709263474 6075.7328115701675 3105.5845657289028 264.14287846907973 7347.2924308162183 1713.4485610350966 145.85713901743293 683.12856680341065 849.56199919804931 1133.731437176466 14.313986472785471 189.84188470244408 315.28631926700473 1276.7586800158024 1727.2361887991428 218.56420091539621 3824.7974955085665 44.425776707008481 10.539842860773204 36.704962387681007 45.399536164477468 221.01451352611184 16.645861657336354 666.8825925141573 720.71873423829675
leaf_count=161961 13247 78674 46520 568 87765 11875 58515 163163 67173 210 18365 28392 4333 15977 5045 9013 114 4279 5027 38743 20220 5454 131433 667 221 874 306 157 356 463 649
internal_value=0.212622 0.253404 0.223693 0.0929689 0.194282 0.12748 0.218461 0.107984 0.0928214 0.303562 0.296227 0.119066 0.242952 0.193329 0.264638 0.277909 0.0132737 0.290831 0.276475 0.00866096 0.237824 0.110143 0.00340476 0.32429 0.244678 0.161872 0.320189 0.373642 0.0210109 0.358851 0.386976
internal_weight=71245.8 53135.1 33368.6 18110.7 21633 12638 16370.4 10812.5 9181.32 19766.4 17893.7 5262.57 1825.55 1631.14 1663.05 11735.6 5472.74 8874.67 10501.9 5365.78 2860.97 264.226 5101.56 7391.72 106.958 51.0189 55.9394 1872.76 162.503 887.897 984.862
internal_count=979759 520877 416665 458882 336633 281169 220476 259560 230336 104212 102733 116157 21609 29224 16920 80032 177713 50799 83701 176198 29233 6022 170176 19032 1515 988 527 1479 4689 620 859
is_linear=0
shrinkage=0.0171808


Tree=2
num_leaves=32
num_cat=0
split_feature=2 1 1 11 1 20 5 6 1 14 15 5 6 4 37 32 19 13 4 36 15 6 12 24 16 15 30 10 61 35 5
split_gain=730891 195618 152024 114843 135351 60340.5 49903.5 40114.5 25512.1 22929.8 20177.8 17842.7 17546.2 15830.6 12931.5 12687.4 13960.5 12007.7 9605 19748.3 9374.08 8998.69 8067.78 6875.22 6499.32 5698.99 5249.47 4036.29 2878.8 2583.88 572.098
threshold=0.0014026597491465511 -0.17280977219343183 -0.065340396016836153 1.0000000180025095e-35 -0.058682156726717942 1.0000000180025095e-35 -0.034564016386866563 16.500000000000004 0.29510382562875753 0.61866101622581493 8918.0000000000018 -0.027111854404211041 50.500000000000007 -0.012408714275807141 1.0000000180025095e-35 488.50000000000006 12.883870601654055 479.97500610351568 -0.012646068818867205 1.0000000180025095e-35 2367.5000000000005 72.500000000000014 -1.0000000180025095e-35 2.5000000000000004 26.108333587646488 56.500000000000007 -0.87837970256805409 20.008333206176761 1.0000000180025095e-35 0.045453248545527465 -1.0000000180025095e-35
decision_type=2 2 2 2 2 2 2 2 2 2 2 2 2 2 2 2 2 2 2 2 2 2 2 2 2 2 2 2 2 2 2
left_child=2 17 9 4 5 -3 7 29 24 14 13 -6 -12 -11 25 16 -8 18 22 -20 -9 -17 -2 -16 -5 -1 30 -10 -28 -4 -19
right_child=1 3 6 8 11 -7 15 20 27 10 12 -13 -14 -15 23 21 -18 26 19 -21 -22 -23 -24 -25 -26 -27 28 -29 -30 -31 -32
leaf_value=0.2379735175125692 0.24472277744743004 0.18275611380983572 0.00582935966617662 0.19008370780437844 0.086488537703715854 0.11118044877620577 -0.005677371577548304 0.12340437021008241 0.23349550268088817 0.18363807749535133 0.051218715116977676 0.0062140007730930209 0.2007432324490506 0.10234285015266863 0.19164342342178431 -0.0033065380100934664 0.28892890771614754 -0.018053495724782827 0.17674243131472453 0.23909928416338255 0.072205864460411898 0.19090546850447759 0.0086839836560237017 0.07951311902077271 0.22498748108070468 0.028974697236655387 0.098377737803519147 0.26626579820609808 0.19764543247228514 0.29550210461901361 0.14886038479389355
leaf_weight=40.298613760620356 17817.472148705274 21549.258272953331 1842.4607856161892 5235.6617217175663 2611.7563785873353 4145.536961035803 94.689643168821931 2603.7767480611801 1941.184493098408 4030.313682269305 879.69533884897828 1189.6065695695579 314.47466276586056 857.53216317668557 341.8023168053478 5441.1251968946308 95.220121968537569 51.693811178207397 2129.4869508463889 5065.48109414801 1775.4779939800501 71.345981553196907 42.851994439959526 305.87798248976469 2252.5251186154783 869.1806965302676 113.33030452951789 2590.9357559420168 361.06743754073977 9.1347060203552228 6.8664106018841258
leaf_count=397 60812 205747 52364 39451 49696 76193 2904 49162 6456 52990 22210 31367 4256 16510 4781 178189 699 1192 22692 10817 41595 1013 910 6385 11817 22726 2273 1342 2674 35 104
internal_value=0.171379 0.198323 0.0790007 0.175294 0.157052 0.171208 0.0406899 0.0743011 0.220056 0.138846 0.153908 0.0613674 0.0905953 0.169376 0.0800185 0.00396373 0.142034 0.235688 0.237404 0.220644 0.102647 -0.000792807 0.244156 0.138689 0.200583 0.038236 0.154988 0.25223 0.173932 0.00725878 0.00150711
internal_weight=86677.1 67104.7 19572.4 41516.5 29496.2 25694.8 11933.2 6230.85 12020.3 7639.18 6082.02 3801.36 1194.17 4887.85 1557.16 5702.38 189.91 25588.3 25055.3 7194.97 4379.25 5512.47 17860.3 647.68 7488.19 909.479 532.958 4532.12 474.398 1851.6 58.5602
internal_count=979759 523543 456216 422069 363003 281940 325961 143156 59066 130255 95966 81063 26466 69500 34289 182805 3603 101474 95231 33509 90757 179202 61722 11166 51268 23123 6243 7798 4947 52399 1296
is_linear=0
shrinkage=0.0171808


Tree=3
num_leaves=32
num_cat=0
split_feature=2 8 28 16 37 2 23 4 6 4 36 9 14 14 8 43 4 6 9 6 56 16 4 6 14 6 37 52 41 14 18
split_gain=472268 89010.5 82441.5 35998.1 31650 30013.3 27055.1 23837.9 18684.8 18637.3 23137.6 17534.2 18785.6 17123 14413.8 12016.5 11494.3 19372.1 10978 10616.3 9944.73 9209.98 8541.11 6362.79 5932.83 5170.56 7370.57 4242.74 3730.99 3378.22 2568.82
threshold=0.0014026597491465511 91.687500000000014 1.0000000180025095e-35 37.908334732055671 1.0000000180025095e-35 0.0097710951231420057 200.03333282470706 -0.011438050772994755 29.500000000000004 -0.011821242980659006 1.0000000180025095e-35 1.324305593967438 0.98244979977607738 0.62074550986289989 7.6875000000000009 0.34166666865348821 -1.0000000180025095e-35 44.500000000000007 2.4881944656372075 33.500000000000007 37.14976882934571 21.891666412353519 -0.013294032774865626 34.500000000000007 0.60064262151718151 1.0000000180025095e-35 1.0000000180025095e-35 459.50000000000006 458.41665649414068 3.6450190544128422 263.50000000000006
decision_type=2 2 2 2 2 2 2 2 2 2 2 2 2 2 2 2 2 2 2 2 2 2 2 2 2 2 2 2 2 2 2
left_child=1 6 3 4 14 9 7 13 -6 20 -11 12 22 -1 -2 21 17 -13 -9 27 -4 -7 -3 -14 -21 30 -27 -8 -17 -18 -5
right_child=2 11 5 25 8 15 19 18 -10 10 -12 16 23 -15 -16 28 29 -19 -20 24 -22 -23 -24 -25 -26 26 -28 -29 -30 -31 -32
leaf_value=0.057023565760670275 0.26745034310267846 0.13629679235477765 0.16581130275149361 0.24676574597822271 0.093102875602311189 0.17517204154899035 -0.017905759555269352 0.09951819665936347 0.15581907419400476 0.075483682461471246 0.1663483592347719 0.026601986461952137 0.10086471510821436 0.12594230530667821 0.089023243746735675 0.13535478902394596 0.0014328667109398954 0.10993398150799684 0.025181528802054619 0.12402699984616003 0.096782546856426538 0.19127231978681272 0.012276773249698046 0.2170583691213889 0.25539928870363793 0.13613723882625484 0.19221923239160155 0.19340852702856615 0.048722049253883959 0.21392862406587917 0.058314692730457474
leaf_weight=1283.8273212760687 136.3998195156455 215.37646731548011 12775.72174628824 408.89375114627182 1778.0730173643678 26174.396612148732 79.412268791347742 936.05294406786561 6634.3454067111015 1806.6997578255832 1525.8623195551336 4245.5089512877166 241.08382846042514 6218.9995113052428 6618.2672939691693 573.87089508026838 3526.9753363598138 1021.6081321686506 1570.0090153366327 125.05489536747336 647.31116029247642 17501.703504752368 686.05420542880893 328.98384561389685 538.51009809225798 1039.96055159159 2066.4414685480297 43.355706185102463 197.18415933847427 22.22290513664484 22.536782033741474
leaf_count=26217 436 3099 77816 2576 28659 114844 2074 15710 61194 29731 9353 117050 4319 86619 106150 4331 114274 18025 39528 1897 7439 50794 20433 2869 3437 12350 13916 472 3473 193 481
internal_value=0.144318 0.0719872 0.163402 0.131835 0.120324 0.17305 0.106449 0.0988257 0.142563 0.153454 0.117088 0.0358253 0.0907273 0.11415 0.0926264 0.180437 0.0266617 0.0427651 0.0529477 0.203488 0.162483 0.181624 0.0419092 0.167921 0.230642 0.181186 0.173444 0.0567151 0.113201 0.00276356 0.236923
internal_weight=100991 21083 79907.7 18704.9 15167.1 61202.8 10795.2 10008.9 8412.42 16755.6 3332.56 10287.8 1471.5 7502.83 6754.67 44447.2 8816.32 5267.12 2506.06 786.333 13423 43676.1 901.431 570.068 663.565 3537.83 3106.4 122.768 771.055 3549.2 431.431
internal_count=979759 456216 523543 225762 196439 297781 175954 168074 89853 124339 39084 280262 30720 112836 106586 173442 249542 135075 55238 7880 85255 165638 23532 7188 5334 29323 26266 2546 7804 114467 3057
is_linear=0
shrinkage=0.0171808


Tree=4
num_leaves=30
num_cat=0
split_feature=8 1 1 36 6 1 19 1 31 19 1 16 6 30 19 1 3 44 12 41 8 49 49 31 44 53 57 6 16
split_gain=322658 107637 94302 66570.4 67482.1 40110.1 32993.2 29337.5 17168.5 17330.7 14661.8 14439.4 12520.1 10934 8552.44 7529.21 7402.42 7349.7 5942.88 4306.65 4156.99 3523.77 2910.39 3689.4 789.104 750.14 214.456 168.203 13.8615
threshold=91.687500000000014 -0.14226693660020825 -0.056840781122446053 1.0000000180025095e-35 13.500000000000002 0.29510382562875753 2.5650470256805424 0.29510382562875753 0.10833333432674409 1.0823568701744082 -0.019136482849717137 19.508333206176761 5.5000000000000009 -1.0000000180025095e-35 1.131664037704468 -0.19145977497100827 1.0000000180025095e-35 4.241666555404664 -0.12588892132043836 404.62500000000006 36.437500000000007 1.2651555538177492 1.0881064534187319 433.03334045410162 17.875000000000004 10.500000000000002 0.99513888359069835 60.500000000000007 276.77499389648443
decision_type=2 2 2 2 2 2 2 2 2 2 2 2 2 2 2 2 2 2 2 2 2 2 2 2 2 2 2 2 2
left_child=1 13 8 5 12 6 -3 10 9 17 14 -6 -5 15 -4 20 -11 -2 -17 21 -1 -15 23 -10 -7 -21 -9 -24 -12
right_child=2 3 7 4 11 24 -8 26 22 16 28 -13 -14 19 -16 18 -18 -19 -20 25 -22 -23 27 -25 -26 -27 -28 -29 -30
leaf_value=0.15282690389591613 0.044777432965233566 0.11945570101438015 0.088564509944602063 0.079918120084134639 0.13110412845663694 0.14737733328893213 0.069581643618352743 0.20595537648957485 0.084762731119770215 0.084061216434361569 -0.017541540493414925 0.154523123863233 -0.0034972346553558647 0.16295470210199911 0.021642637548895529 0.13790087228576081 0.13423686630303944 0.17339689098898617 0.091848602386142911 0.037063691916830878 0.021636759008849555 0.039808718952139853 -0.016010297830906687 -0.0013987734683187445 0.17239662534532457 0.21833396664533641 0.24159495963466826 0.074573819480639028 -0.010028750164252805
leaf_weight=9664.0057850405574 145.50383349694312 5952.7160819880664 634.50855469703674 1159.5985614210367 17643.449900632724 486.32568829506636 11439.32324472256 112.23382788524032 373.22974039241672 4282.6611989308149 3020.1217471826822 13890.033212771639 979.97137455455959 30784.1760728769 5050.9050855748355 2637.2379738874733 1088.5691485032439 1329.8653033468872 1205.2655292358249 93.457297436892986 71.836501030251384 68.755200777202845 296.75363401696086 241.66399471461773 1590.4482531473041 7.2645311877131453 90.354260064661503 6.1745255775749674 74.679600521922112
leaf_count=29383 2337 63520 11404 13159 124053 1793 175313 129 5849 74587 101971 62615 20283 90093 135292 16603 8600 8857 12206 1716 1270 820 7473 5462 2104 39 166 93 2569
internal_value=0.125027 0.136973 0.0553512 0.120463 0.135084 0.0951735 0.0866519 0.0174476 0.0992026 0.108557 0.0127312 0.14142 0.0417117 0.156675 0.0291114 0.143821 0.0942303 0.160713 0.123456 0.162314 0.151859 0.16268 0.0294247 0.0508987 0.166538 0.050144 0.221854 -0.0141619 -0.0173605
internal_weight=114421 97673.9 16747.2 53141.9 33673.1 19468.8 17392 8982.8 7764.42 6846.6 8780.21 31533.5 2139.57 44532 5685.41 13578.3 5371.23 1475.37 3842.5 30953.7 9735.84 30852.9 917.822 614.894 2076.77 100.722 202.588 302.928 3094.8
internal_count=979759 614970 364789 462840 220110 242730 238833 251531 113258 94381 251236 186668 33442 152130 146696 59462 83187 11194 28809 92668 30653 90913 18877 11311 3897 1755 295 7566 104540
is_linear=0
shrinkage=0.0171808


Tree=5
num_leaves=30
num_cat=0
split_feature=2 1 1 0 1 1 1 36 6 1 8 1 9 44 58 3 4 4 6 36 31 21 5 13 1 5 16 16 1
split_gain=250765 84542.6 60348.8 39171.8 32303.2 20349.9 18414.1 15617.7 14922.3 14082.4 13317.7 12052.5 13057.6 11911.8 11010.1 10977.9 12561.4 8532.5 20966.3 10576.6 7209.1 6602.69 5525.72 3730.44 1922.67 1748.15 665.609 124.123 4.32399
threshold=0.0014026597491465511 -0.041118944063782685 -0.15062479674816129 1.0000000180025095e-35 -0.056840781122446053 0.29510382562875753 -0.066168136894702897 1.0000000180025095e-35 17.500000000000004 0.29510382562875753 8.6875000000000018 -0.019136482849717137 1.6131944060325625 2.2083333730697636 0.050000002607703216 1.0000000180025095e-35 -0.012408714275807141 -0.012646068818867205 59.500000000000007 1.0000000180025095e-35 479.43333435058599 2686.5000000000005 -0.035798974335193627 479.97500610351568 -0.041516607627272599 2.0302351713180546 24.491666793823246 37.258333206176765 -0.015129553154110907
decision_type=2 2 2 2 2 2 2 2 2 2 2 2 2 2 2 2 2 2 2 2 2 2 2 2 2 2 2 2 2
left_child=1 6 17 4 13 7 15 -5 24 11 -6 12 -3 -4 -10 16 -1 22 19 -19 -17 -20 23 -2 -8 -24 -7 -11 -13
right_child=2 9 3 5 10 26 8 -9 14 27 -12 28 -14 -15 -16 20 -18 18 21 -21 -22 -23 25 -25 -26 -27 -28 -29 -30
leaf_value=0.098044805163016058 0.14463071022248158 0.11262548016454176 0.0093620147082325092 0.094326565609965149 0.18980603577154395 0.13747663868747892 0.0036625828275110672 0.12141731571884261 0.063553452414202599 0.1822082545369787 0.032682920688221533 -0.015185832422778205 0.018076595411316128 0.10277295646428711 0.14407217688357149 0.14367452604512854 0.041903166473078943 0.10819617974827568 0.19397655785142603 0.13954162066607984 0.0022198492369181256 -0.007620538107524855 0.11724041149395625 0.10286690303301879 0.13518491593247139 0.15782802949291733 0.1489295723413803 0.21763584425520174 -0.017702472068337961
leaf_weight=6966.8646623902023 28523.288392864168 478.01916360482574 415.23159254342318 8821.3110123388469 167.65432428941131 2114.5338980145752 1249.4521050173789 21818.670517902821 4253.0018590986729 57.047055024653673 3171.148856010288 222.8788891620934 4398.4071108698845 13656.196208249778 568.27916993945837 1723.2228351160884 1415.4341308362782 4720.7552888579667 53.924146998673677 9721.2609219774604 113.35302244499326 433.20790709555149 3254.6876986846328 645.70925940386951 33.69401066377759 346.70988652855158 5152.4091770499945 60.626729480922222 2553.092946337536
leaf_count=86567 56103 7459 7289 81092 499 4314 32059 101349 73427 148 60126 7164 113111 127422 5306 9602 28097 33112 172 18871 2550 8169 16061 4995 664 575 3394 49 90013
internal_value=0.110491 0.0605921 0.122161 0.10995 0.0886169 0.119748 0.0827965 0.113618 0.0591864 0.0139451 0.0405729 0.0110768 0.027345 0.100017 0.0730442 0.0969004 0.0885648 0.136322 0.125556 0.129296 0.134944 0.0146944 0.141227 0.143706 0.0071167 0.121148 0.145597 0.200466 -0.0175006
internal_weight=127110 24093.4 103017 55317.2 17410.2 37906.9 16323.3 30640 6104.43 7770.07 3338.8 7652.4 4876.43 14071.4 4821.28 10218.9 8382.3 47699.5 14929.1 14442 1836.58 487.132 32770.4 29169 1283.15 3601.4 7266.94 117.674 2775.97
internal_count=979759 456216 523543 385485 195336 190149 238272 182441 111456 217944 60625 217747 120570 134711 78733 126816 114664 138058 60324 51983 12152 8341 77734 61098 32723 16636 7708 197 97177
is_linear=0
shrinkage=0.0171808


Tree=6
num_leaves=30
num_cat=0
split_feature=2 5 1 25 1 1 14 44 4 5 31 5 5 24 38 12 1 38 1 3 25 1 41 4 10 12 1 2 1
split_gain=192520 73521.9 47628 35981.8 45827.9 21561.9 13789.4 13772.9 10663.8 9878.2 7206.54 7044.74 9127.27 6815.5 6626.3 6436.69 6273.21 5845.74 4459.66 4559.18 3225.32 3022.92 2864.95 2310.29 1216.8 1000.73 544.049 171.305 23.1456
threshold=0.0014026597491465511 -0.026048575527966019 -0.14032206684350965 1.0000000180025095e-35 -0.058682156726717942 -0.054505547508597367 0.91709035634994518 1.2250000238418581 -0.029624392278492447 -0.027111854404211041 235.80000305175784 -0.099746979773044572 -0.094137385487556444 3.5000000000000004 0.59166666865348827 -0.16226764768362043 -0.038646383211016648 1.0000000180025095e-35 -0.018238196149468418 1.0000000180025095e-35 2.5000000000000004 -0.054076034575700753 447.39999389648443 -0.012408714275807141 16.783333778381351 -0.19852250069379804 -0.080615472048521028 0.054861111566424377 -0.015129553154110907
decision_type=2 2 2 2 2 2 2 2 2 2 2 2 2 2 2 2 2 2 2 2 2 2 2 2 2 2 2 2 2
left_child=1 5 11 4 7 6 8 -4 -1 -6 -8 22 20 -14 15 -7 21 18 19 -3 -13 -5 23 -2 -18 -19 -27 -24 -20
right_child=2 17 3 16 9 14 10 -9 -10 -11 -12 12 13 -15 -16 -17 24 25 28 -21 -22 -23 27 -25 -26 26 -28 -29 -30
leaf_value=0.092305872734609717 0.12888126262869681 0.0086996867210824627 0.011565673500494237 0.10881548281024067 0.054893387670786623 0.061833363863961086 0.11377752132129833 0.096553209733470924 0.052960318785273915 0.0018827218420160638 0.0096856753452374683 0.033236364318821439 0.12087966804772908 0.10439032813749323 0.16966750849631557 0.027550960229147013 0.1202949947918268 -0.018037658511856552 -0.011191438217045295 0.10005243914731655 0.11614877582501183 0.032582347276450166 -0.0059575726354507332 0.096883657449222754 0.13354508487369435 0.17525677517491323 0.099821593534355546 0.062197330736146327 -0.017680139294175536
leaf_weight=3918.8008595444262 19763.417530290782 3230.0982683338225 572.69423040375113 8499.7336917407811 3561.9761322550476 3220.0427155643702 4387.3112632893026 32833.11913228035 4226.3116222955287 1464.1510825715959 205.53675050288439 539.04042452946305 25506.656701143831 10423.486621394753 127.55965118855238 3246.6924308948219 3425.5946090705693 17.402927966788411 175.44046397320926 169.73650772124529 186.39085813611746 156.38918418437243 46.822139244526625 689.46236040443182 5084.7924094125628 38.427078016102314 106.63263034634292 14.178770024329422 2256.0178810376674
leaf_count=42917 33211 83965 8688 35740 49718 57875 36479 227862 65821 31340 3775 5350 69097 43499 150 71644 7596 397 5892 3019 630 1681 899 5562 1632 154 1254 147 82450
internal_value=0.0987651 0.0559592 0.108379 0.0970564 0.087819 0.0722588 0.0853139 0.0950962 0.0718904 0.0394511 0.109119 0.11939 0.114878 0.116096 0.0470406 0.0446216 0.117737 0.00338656 0.000554359 0.0132607 0.0545406 0.107438 0.127452 0.127803 0.128212 0.105039 0.119809 0.00987377 -0.0172122
internal_weight=138094 25326 112768 55598.5 38431.9 19332.3 12738 33405.8 8145.11 5026.13 4592.85 57169.5 36655.6 35930.1 6594.29 6466.74 17166.5 5993.76 5831.29 3399.83 725.431 8656.12 20513.9 20452.9 8510.39 162.463 145.06 61.0009 2431.46
internal_count=978444 455792 522652 364257 317608 278661 148992 236550 108738 81058 40254 158395 118576 112596 129669 129519 46649 177131 175326 86984 5980 37421 39819 38773 9228 1805 1408 1046 88342
is_linear=0
shrinkage=0.0171808


Tree=7
num_leaves=31
num_cat=0
split_feature=2 0 5 5 56 9 7 16 16 2 4 9 9 9 20 20 48 5 31 5 5 45 38 3 21 12 45 55 14 4
split_gain=153780 42863.7 34096.6 22181.9 17691.4 15231.8 12966.3 12001.1 11407.1 9068.21 8600.26 14125.3 6690.46 7074.99 6640.16 6628.46 5758.83 5567.96 5076 3328.26 3044.14 2539.25 2426.27 2142.51 5874.31 1772.23 1754.73 1690.82 562.791 668.201
threshold=1.0000000180025095e-35 1.0000000180025095e-35 -0.019884500652551648 -0.025243503041565415 42.467546463012702 2.3812500238418584 1.0000000180025095e-35 25.441666603088382 37.908334732055671 0.015550281386822464 -0.083396416157484041 6.8576388359069833 18.179861068725589 2.1673611402511601 1.0000000180025095e-35 1.0000000180025095e-35 52.766666412353523 -0.021392145194113251 479.43333435058599 -0.16388141363859174 1.4369099736213686 1.0000000180025095e-35 16.575000762939457 1.0000000180025095e-35 3020.5000000000005 -0.024379458278417584 1.0000000180025095e-35 146.50000000000003 0.55125164985656749 -0.061474837362766259
decision_type=2 2 2 2 2 2 2 2 2 2 2 2 2 2 2 2 2 2 2 2 2 2 2 2 2 2 2 2 2 2
left_child=2 3 5 4 8 14 7 9 -2 -3 11 -7 13 -5 16 -14 -1 -12 25 -16 23 -6 -9 27 -25 -8 -20 -4 -22 -30
right_child=1 6 20 12 21 10 18 22 -10 -11 17 -13 15 -15 19 -17 -18 -19 26 -21 28 -23 -24 24 -26 -27 -28 -29 29 -31
leaf_value=0.094858472206706512 0.082013310890925964 0.080352970447026661 -0.01142488961457447 0.07848345698935158 0.01314494554727777 0.03704879668855432 0.10660148989346348 0.10432213403149977 0.10866435443188509 0.097942212796406011 0.035086780333006655 0.18335729181284732 0.12573073739368365 0.020325240635815069 0.13687004023048183 -0.017917123630645765 0.2871157545690452 0.16660470478863545 0.0079187540931603944 -0.0095240759568246212 0.18557584262183274 0.052808068977151963 0.12280910306494318 -0.017697264221040426 0.17816192593881797 0.1144456948501088 0.077608259962723691 0.14067170634313036 0.20078123964807207 0.051499255468556819
leaf_weight=2347.694600597024 22701.683662213385 16498.340421099216 3644.2243574745953 792.7811030484736 926.46546432748437 488.43183613941073 34430.109137818217 15967.093613479286 5992.0679462961853 18193.593836668879 7794.8070379626006 323.99392788112164 459.91055333428085 2791.7318381927907 55.331795156002045 119.43685056827962 46.911326967179775 96.194465648382902 174.76327193528414 267.22712726518512 16.836182590574026 980.99228837713599 2412.5987703800201 137.80668237432837 67.261668959632516 11293.289840087295 273.72621466219425 21.702579211443663 10.471595808863638 57.35352454893291
leaf_count=25457 195847 116608 125648 10401 14059 9167 68198 57416 33196 69209 154671 2295 2381 48911 375 3077 56 1107 2876 5485 70 12035 1079 4888 1438 8700 2335 549 104 806
internal_value=0.089661 0.0955657 0.0381997 0.0791484 0.0842107 0.0532567 0.101317 0.0955242 0.0875788 0.0895774 0.0421702 0.0953971 0.0419439 0.0331882 0.0887677 0.0961156 0.0986251 0.0366901 0.107975 0.0155864 -0.00527199 0.0335437 0.106749 -0.00750108 0.0465408 0.108539 0.0504537 -0.0105243 0.0966416 0.0745563
internal_weight=149385 134009 15376.2 34765.1 30601.2 11420.6 99243.5 53071.6 28693.8 34691.9 8703.43 812.426 4163.86 3584.51 2717.16 579.347 2394.61 7891 46171.9 322.559 3955.66 1907.46 18379.7 3871 205.068 45723.4 448.489 3665.93 84.6613 67.8251
internal_count=978444 646328 332116 319907 255137 198613 326421 244312 229043 185817 167240 11462 64770 59312 31373 5458 25513 155778 82109 5860 133503 26094 58495 132523 6326 76898 5211 126197 980 910
is_linear=0
shrinkage=0.0171808


Tree=8
num_leaves=31
num_cat=0
split_feature=8 7 8 4 19 6 6 44 14 4 6 23 12 4 6 6 9 31 19 20 42 3 9 45 12 34 55 4 44 9
split_gain=131517 31856.5 25316.3 20555.6 19682.2 18916.3 32766 18503 10864.5 12546.4 8321.24 8208.07 7982.36 7318.94 6940.86 6907.88 6505.22 5097.58 4001.73 5419.68 3526.69 3387.68 3230.99 2533.77 1813.97 1421.07 1143.37 740.032 479.598 363.135
threshold=91.687500000000014 1.0000000180025095e-35 17.020833015441898 -0.011438050772994755 2.5098429918289189 2.5000000000000004 25.500000000000004 4.241666555404664 0.98244979977607738 -0.011438050772994755 29.500000000000004 180.00833129882815 -0.14317839592695233 -0.011821242980659006 39.500000000000007 13.500000000000002 2.2812500000000004 337.43333435058599 8.0366582870483416 1.0000000180025095e-35 9.5000000000000018 1.0000000180025095e-35 16.122917175292972 1.0000000180025095e-35 -0.086136441677808748 27.500000000000004 146.50000000000003 -0.063547678291797624 1.7250000238418581 1.0096079707145693
decision_type=2 2 2 2 2 2 2 2 2 2 2 2 2 2 2 2 2 2 2 2 2 2 2 2 2 2 2 2 2 2
left_child=1 2 5 11 7 22 -7 27 9 -9 18 -4 13 -12 -5 24 -10 21 19 -6 -14 -17 -1 -19 25 -3 -20 29 -29 -2
right_child=4 15 3 14 10 6 -8 8 16 -11 12 -13 20 -15 -16 17 -18 23 26 -21 -22 -23 -24 -25 -26 -27 -28 28 -30 -31
leaf_value=0.10355364559895021 0.14309055229777745 -0.00022376780436063305 0.068194425672779363 0.041376553048642517 0.0083963736835414061 0.039257032789448178 0.085775217579667926 0.079739609879768261 0.11083327008553469 0.024815358743481685 0.071904605754153278 0.11066343338140711 0.010277784583946157 0.01356567363541665 -0.011651917508095865 0.092129222088491919 0.03089593281428574 0.0057111856647443478 -0.013303501522348283 0.046115199872490201 0.1893120516048481 0.10169749996604389 0.0043252128648634137 0.076918675657255103 -0.01903727969118884 0.069491829361242943 0.13992612918604944 -0.011818826964940344 0.022006705007092425 0.020758752362148445
leaf_weight=15134.00084907189 14.156987000256779 93.158464517444372 12612.687305297703 2870.2839218750596 3366.4724200870842 4987.5052039958537 43041.090594470501 2846.0274692177773 2173.1384756378829 2158.9867081940174 2667.4023046512157 1503.5160136707127 1773.8587274365127 833.03843813203275 976.41833572089672 14792.221279259771 348.74969256483018 237.6005478836596 1396.6809488609433 1688.4500851649791 33.083568878471851 41770.539582449943 97.498136382550001 389.07066897675395 81.98800290375948 1170.2939403988421 14.523119712248443 921.20062248967588 142.91551183909178 14.525553487241266
leaf_count=36408 61 1355 125347 44323 82210 56721 204465 27102 13223 48056 28282 8074 36482 18885 20833 47674 5788 3700 42136 35555 131 54371 1007 3038 994 5181 289 23329 3232 192
internal_value=0.0821402 0.0880876 0.0811241 0.0631237 0.0413821 0.0862354 0.0809446 0.0611084 0.0706997 0.0560473 0.0269399 0.0727178 0.0428828 0.0580212 0.027916 0.09775 0.0997791 0.0986553 0.013854 0.0209954 0.0135561 0.0991952 0.102919 0.0499216 0.059269 0.064351 -0.0117261 -0.00495358 -0.00727532 0.0811605
internal_weight=160151 139758 81223 17962.9 20393.2 63260.1 48028.6 8619.7 7526.9 5005.01 11773.5 14116.2 5307.38 3500.44 3846.7 58534.9 2521.89 57189.4 6466.13 5054.92 1806.94 56562.8 15231.5 626.671 1345.44 1263.45 1411.2 1092.8 1064.12 28.6825
internal_count=978444 613491 497178 198577 364953 298601 261186 120983 94169 75158 243970 133421 83780 47167 65156 116313 19011 108783 160190 117765 36613 102045 37415 6738 7530 6536 42425 26814 26561 253
is_linear=0
shrinkage=0.0171808


Tree=9
num_leaves=31
num_cat=0
split_feature=8 1 1 26 6 36 25 19 1 43 31 19 1 20 6 14 39 24 24 62 24 10 17 34 19 14 14 6 8 10
split_gain=109440 45959.3 34501.9 30045.8 24553.1 16725.9 15953.5 10260.9 9570.36 7854.1 7268.09 6863.11 6470.21 16279.7 5320.57 4329.79 4315.92 3105.9 2404.71 2132.3 1594.55 1476.01 1122.82 962.44 655.426 286.613 284.436 265.665 199.577 70.2941
threshold=91.687500000000014 -0.056840781122446053 -0.10048267990350722 1.0000000180025095e-35 29.500000000000004 1.0000000180025095e-35 1.0000000180025095e-35 2.4255341291427617 -0.019136482849717137 0.64166665077209484 337.43333435058599 1.0823568701744082 -0.17280977219343183 1.0000000180025095e-35 30.500000000000004 0.65119135379791271 1.2250000238418581 5.5000000000000009 3.5000000000000004 0.22916666418313983 1.0000000180025095e-35 15.358333587646486 14.500000000000002 555.50000000000011 1.777562201023102 2.8262152671813969 0.37933516502380377 35.500000000000007 27.895833015441898 24.433333396911625
decision_type=2 2 2 2 2 2 2 2 2 2 2 2 2 2 2 2 2 2 2 2 2 2 2 2 2 2 2 2 2 2
left_child=2 9 10 4 7 -6 8 -4 14 11 12 16 18 -14 -3 -13 -2 20 -1 22 -12 23 -11 -5 -19 -10 27 -8 -23 -28
right_child=1 6 3 21 5 -7 26 -9 25 19 17 15 13 -15 -16 -17 -18 24 -20 -21 -22 28 -24 -25 -26 -27 29 -29 -30 -31
leaf_value=0.093699327303531546 0.01394211837131586 0.0089633826070092751 0.068323390518260779 0.081142254686233789 0.051578625252054429 0.077878131489182961 0.18470637390706532 0.02536897525264771 -0.017353024574785915 -0.0044989432520450758 0.064614382762742811 0.036349122878908159 0.087262397536126551 0.057054664216540679 0.041468651618052549 0.066167188335765847 0.098326961709629832 0.11200036216370883 0.085974512353138313 0.2018220197907889 0.005778313699505138 0.098793742392059083 0.20419449332824974 0.095587154737454105 0.065135473411039257 0.032902995130992631 0.1035812194194987 0.12216560975967251 0.11175332242160273 0.120731333389249
leaf_weight=39682.261097121984 194.00810152292252 4390.5734792705625 2239.4185296408832 3118.3030086420476 10348.809802588075 23008.520870577544 36.604215987026691 6149.070829955861 3017.0495298411697 585.53497209772468 184.92173048108816 1883.4470876194537 31447.08077032119 6325.5798393003643 2247.2114354912192 6071.8600521590561 2301.2439067922533 139.96823562309146 16991.185428149998 15.581208541989325 513.72175905108452 6086.4689983129501 7.7099935114383689 2418.413671400398 237.99102230742574 33.864484179764986 116.04912276566029 44.565226485952735 373.04908136278391 183.10722985118628
leaf_count=58758 2748 108535 18081 9052 103792 118814 88 89622 103572 11318 1365 26494 110110 53322 38665 61474 10766 670 36620 11 6618 1668 7 3294 1596 869 209 150 109 47
internal_value=0.07583 0.0392327 0.0810104 0.0699979 0.0631115 0.069719 0.0126763 0.0368363 0.00839154 0.0634109 0.0872061 0.0669056 0.0877121 0.0822037 0.0199681 0.0591077 0.0917662 0.0428172 0.0913834 0.0034241 0.0213523 0.0939621 -0.00178564 0.0874518 0.0824924 -0.016795 0.121829 0.150377 0.0995423 0.114081
internal_weight=170393 21128.4 149265 53742.1 41745.8 33357.3 10069 8388.49 9688.7 11059.4 95522.7 10450.6 94446.1 37772.7 6637.78 7955.31 2495.25 1076.6 56673.4 608.826 698.643 11996.2 593.245 5536.72 377.959 3050.91 380.326 81.1694 6459.52 299.156
internal_count=978444 364953 613491 344432 330309 222606 252135 107703 251641 112818 269059 101482 258810 163432 147200 87968 13514 10249 95378 11336 7983 14123 11325 12346 2266 104441 494 238 1777 256
is_linear=0
shrinkage=0.0171808


Tree=10
num_leaves=32
num_cat=0
split_feature=2 1 1 7 25 1 30 4 1 3 1 53 8 8 38 49 56 20 31 4 31 14 31 45 34 8 19 19 30 1 14
split_gain=93263.9 43073.4 24295.1 22183.5 16799.6 14321 8840.64 7786.6 7740.2 7739.52 6891.29 6065.52 5589.54 4307.08 3711.25 3595.99 3554.87 3661.01 3329.61 2786.21 2420.54 2383.32 2227.68 2127.08 2095.64 1810.39 979.662 1049.96 400.028 101.911 41.3766
threshold=0.0014026597491465511 -0.041118944063782685 -0.14032206684350965 1.0000000180025095e-35 1.0000000180025095e-35 -0.058682156726717942 -1.0000000180025095e-35 -0.092388801276683793 0.29510382562875753 1.0000000180025095e-35 -0.019136482849717137 2.5000000000000004 71.437500000000014 51.395833969116218 10.549999713897707 1.0881064534187319 31.707499504089359 1.0000000180025095e-35 337.43333435058599 -0.012646068818867205 337.43333435058599 0.78942862153053295 270.92500305175787 1.0000000180025095e-35 24.500000000000004 1.9375000000000002 3.2482010126113896 3.3003672361373906 -0.87837970256805409 -0.38411523401737208 0.80670312047004711
decision_type=2 2 2 2 2 2 2 2 2 2 2 2 2 2 2 2 2 2 2 2 2 2 2 2 2 2 2 2 2 2 2
left_child=1 6 15 4 5 -4 16 13 10 11 -9 -8 20 25 -6 18 17 -1 19 -2 -5 -15 -11 -20 -14 -3 29 -28 -18 -17 -10
right_child=2 7 3 12 14 -7 9 8 30 22 -12 -13 24 21 -16 26 28 -19 23 -21 -22 -23 -24 -25 -26 -27 27 -29 -30 -31 -32
leaf_value=0.050375247191687872 0.085488337568521977 0.17442243873419769 0.060123941145688621 0.08282488515969455 0.072332893213600785 0.030205280892390992 0.055268449506066873 0.016255561900938627 0.11877599899483371 0.096744256046142452 -0.01727712828887152 0.10538103285789424 -0.0143754724012855 0.20233368377834138 0.093275330177684093 0.038608171653620696 -0.015732039163319063 0.017300606253021551 0.0073067042826763396 0.078306390779499413 0.036215296749425731 0.0074800050986087024 0.0036391064253337739 0.068771838925684933 0.054379719119729754 -0.018537236863865995 0.1348796989364956 0.021142599832529321 0.012398021111927449 -0.01926628709779862 0.10342549953864268
leaf_weight=5492.7277531158179 53130.310697030276 17.782396651804447 26201.438484482467 27312.357693050057 8134.8823639936745 5760.9391870647669 11544.788337647915 5445.4205369595438 99.245923615992069 2113.6767656505108 2708.9976398628205 759.90928635373712 145.79900273308158 114.25578608363867 3604.9631246551871 9.6968004405498487 215.9299341160804 1204.5608767196536 263.82519592344761 22785.554927803576 332.94382635876536 22.123423956334591 78.694304928183556 449.1999345049262 1275.4743400104344 74.389661531895399 33.433775831013918 84.597132936120033 482.96561535075307 120.66510498896241 111.10120835900307
leaf_count=60157 89144 23 181275 57201 31978 76500 133927 118595 108 6838 97195 3783 2900 597 1914 42 3801 20312 3449 60903 3327 366 1450 2788 9162 1098 49 651 7454 1369 88
internal_value=0.0704591 0.0430697 0.076039 0.0689236 0.0611873 0.0547314 0.0558641 0.0104734 0.00776998 0.0636623 0.00511551 0.0583633 0.0805552 0.109413 0.0787638 0.0827741 0.0405788 0.0444266 0.0829857 0.0833327 0.0822636 0.170729 0.0934026 0.0460301 0.0473261 0.0186829 0.017506 0.0533654 0.0037061 -0.0149566 0.110671
internal_weight=180133 30486.6 149646 72768.8 43702.2 31962.4 21893.3 8593.32 8364.77 14497.1 8154.42 12304.7 29066.6 228.551 11739.8 76877.3 7396.18 6697.29 76628.9 75915.9 27645.3 136.379 2192.37 713.025 1421.27 92.1721 248.393 118.031 698.896 130.362 210.347
internal_count=978444 455792 522652 364257 291667 257775 237722 218070 215986 145998 215790 137710 72590 2084 33892 158395 91724 80469 156284 150047 60528 963 8288 6237 12062 1121 2111 700 11255 1411 196
is_linear=0
shrinkage=0.0171808


Tree=11
num_leaves=32
num_cat=0
split_feature=15 1 1 7 11 6 25 1 43 9 19 12 6 5 36 19 5 10 1 14 19 30 40 12 41 1 6 14 0 9 10
split_gain=81088.8 35922.7 25220 23097.8 14396.2 19078.7 12567.8 8635.78 6227.82 6137.66 5619.8 5574.53 4651.86 3782.17 4542.54 7086.44 3924.03 3200.05 2285.14 2079.85 2226.15 1972.8 1712.22 1136.67 1082.22 905.847 280.125 274.553 175.898 303.656 54.2895
threshold=2200.5000000000005 -0.056840781122446053 -0.14226693660020825 1.0000000180025095e-35 1.0000000180025095e-35 25.500000000000004 1.0000000180025095e-35 -0.019136482849717137 0.64166665077209484 1.5090277791023257 5.7638268470764169 -0.03272640332579612 13.500000000000002 -0.099746979773044572 1.0000000180025095e-35 4.8660998344421396 -0.094137385487556444 5.308333396911622 -0.095100343227386461 0.53996488451957714 2.7860674858093266 -0.87837970256805409 1.0000000180025095e-35 -0.086136441677808748 240.2416687011719 -0.072019800543785081 69.500000000000014 2.8262152671813969 1.0000000180025095e-35 1.8215277791023257 24.433333396911625
decision_type=2 2 2 2 2 2 2 2 2 2 2 2 2 2 2 2 2 2 2 2 2 2 2 2 2 2 2 2 2 2 2
left_child=2 8 13 4 5 -4 7 9 10 -3 11 -2 23 19 15 -15 -16 -6 -12 20 -1 -14 26 -5 -21 -24 -10 -9 29 -8 -30
right_child=1 6 3 12 17 -7 28 27 22 -11 18 -13 21 14 16 -17 -18 -19 -20 24 -22 -23 25 -25 -26 -27 -28 -29 30 -31 -32
leaf_value=0.08454135956323397 0.059265294685604937 0.059101207872668149 0.031252252263316523 0.044645814849435708 0.066796829140577288 0.05842347347224288 0.15356299424352618 -0.017330522910632407 -0.0097324433308148793 0.011849625031117811 0.051256554210534801 0.10724394913515727 0.062480459857574944 0.056923595997428536 0.025990545381975573 0.078583881447384027 0.078595993786753304 0.084991303373529878 0.011341103406744137 0.082491991363402198 -0.019441595968164301 0.077838792619277092 0.12453237856523143 -0.019286087643419721 0.018166700989483125 0.0017136517856172295 0.072097548563003391 0.030919807605484621 0.086940602075918041 0.092760457081170561 0.10098478370310258
leaf_weight=119.9340051561594 9133.1556763313711 938.15615179389715 9957.5807769559324 914.37405451387167 8735.8112472444773 32608.27230848372 46.390375047922134 2938.0083093233407 541.90510705299675 6007.9642069842666 769.65396394953132 775.55789534375072 2708.6637230440974 9443.548670321703 424.08228438347578 8446.5618786551058 32339.89943754673 4238.1199195533991 941.0807772539556 28663.712958361953 123.18883722275496 27926.819194551557 47.891082867980003 90.170775294303894 77.437211364507675 28.158904895186424 12.634821459650992 35.2186050247401 133.42000037431717 50.970223132520914 211.78402377665043
leaf_count=177 75791 11124 124532 4884 34552 227926 53 103572 10648 136076 7697 4470 8238 43054 2487 17652 49447 2765 13524 37031 1339 57439 178 994 974 389 121 869 209 185 47
internal_value=0.0658175 0.0352858 0.0699561 0.0635712 0.0568964 0.0520672 0.0117403 0.00774352 0.0552021 0.0182316 0.0580559 0.0630207 0.075288 0.0769455 0.0741132 0.0671502 0.0779151 0.0727404 0.0292993 0.0818954 0.0318513 0.0764809 0.0026162 0.0389065 0.0823187 0.0790647 -0.00786687 -0.0167588 0.101319 0.121738 0.0955586
internal_weight=189430 22612 166818 87179.8 55539.8 42565.9 10361.9 9919.35 12250 6946.12 11619.4 9908.71 31640 79638.4 50654.1 17890.1 32764 12973.9 1710.73 28984.3 243.123 30635.5 630.59 1004.54 28741.2 76.05 554.54 2973.23 442.565 97.3606 345.204
internal_count=978444 364953 613491 461330 389775 352458 252135 251641 112818 147200 101482 80261 71555 152161 112640 60706 51934 37317 21221 39521 1516 65677 11336 5878 38005 567 10769 104441 494 238 256
is_linear=0
shrinkage=0.0171808


Tree=12
num_leaves=32
num_cat=0
split_feature=8 5 2 5 6 16 6 3 6 3 21 4 16 21 8 44 38 17 34 13 57 13 12 46 14 5 30 6 27 4 14
split_gain=72803.8 24303.3 20007.4 12522.9 11036.7 9615.56 10081.9 7744.87 6974.5 7394.44 6768.77 6627.16 6243.28 5574.22 5188.62 4615.38 3384.5 2722.77 2334.5 2320.89 2253.57 2217.31 2214.65 2040.74 2038.69 1975.17 1410.25 941.195 549.809 135.1 124.1
threshold=91.687500000000014 -0.019884500652551648 0.005559419048950077 -0.025243503041565415 36.500000000000007 35.475000381469734 36.500000000000007 1.0000000180025095e-35 38.500000000000007 1.0000000180025095e-35 2821.5000000000005 -0.041841944679617875 19.508333206176761 1872.5000000000002 3.3541666269302373 9.7083330154418963 1.8750000000000002 1.0000000180025095e-35 101.50000000000001 479.97500610351568 -0.0069933489430695763 419.50833129882818 -0.052738223224878304 146.50000000000003 3.6450190544128422 -0.03647747449576854 -0.87837970256805409 13.500000000000002 24.09787750244141 -0.017970590852200981 1.0752637982368471
decision_type=2 2 2 2 2 2 2 2 2 2 2 2 2 2 2 2 2 2 2 2 2 2 2 2 2 2 2 2 2 2 2
left_child=2 4 3 5 10 6 -1 12 17 -10 18 22 14 -13 -4 -12 20 -6 -2 27 24 -7 -5 -22 -3 -14 -21 -9 30 -30 -18
right_child=1 16 7 11 8 21 -8 19 9 -11 15 13 25 -15 -16 -17 28 -19 -20 26 23 -23 -24 -25 -26 -27 -28 -29 29 -31 -32
leaf_value=0.044854875875117398 0.029587996786566269 0.016208088828258388 0.066451700177671449 0.088112828273410951 0.074772500339857731 0.075901469834074295 0.063008804906601226 0.056878623091360193 0.039635532106430144 0.084341068729388763 0.0078155510462785231 0.059289994854212921 0.074233283384955634 0.011748044312283443 0.0542029948145301 0.042393344043431848 -0.018534559496407876 0.12483055871089001 -0.014417125872314139 -0.0088607739306715925 -0.0099585621048263219 0.032585603236505299 -0.0053675201946629158 0.11546130712096588 0.13596013168865914 0.06499637877085418 0.056774861094748684 0.075712024654224927 0.069820100895018097 0.10697305884835036 0.069024719788947114
leaf_weight=15626.128775205463 504.70878479257226 761.01629242673516 25764.236243631691 668.51830257102847 1379.4863891601562 9637.4023832343519 21392.969670142978 797.23484741523862 5555.2904981486499 1359.3924558050931 1384.2007868010551 935.84337872639298 23453.102976843715 3277.6121881715953 16908.894267082214 6445.6422796156257 17.958761047571901 417.97191150858998 1206.5557382591069 106.42686757445335 3900.8693232163787 361.98566224426031 84.219866257160902 38.673717446625233 44.414412401616573 9645.1279063858092 1047.7437251284719 45572.67066777125 45.014937870204449 81.31993443518877 6.5087101794779292
leaf_count=131958 5281 12713 72454 1886 9278 37015 106395 2287 58615 3429 26009 5362 47504 46680 85730 87857 312 1421 25395 1183 132068 2555 1009 791 213 28545 4728 38065 319 224 52
internal_value=0.0618009 0.0331646 0.0655829 0.0566434 0.0422815 0.059384 0.0553459 0.069352 0.0562623 0.0484245 0.0295154 0.0306966 0.0659417 0.0223077 0.0615983 0.0362806 -0.000826631 0.0864131 -0.00143819 0.0747892 -0.00337339 0.0743335 0.077653 -0.00872718 0.0228124 0.0715416 0.050722 0.0753882 0.0793026 0.0937399 0.00473192
internal_weight=198429 23149 175280 51984.7 18253.2 47018.5 37019.1 123295 8712.14 6914.68 9541.11 4966.19 75771.4 4213.46 42673.1 7829.84 4895.78 1797.46 1711.26 47524.1 4744.97 9999.39 752.738 3939.54 805.431 33098.2 1154.17 46369.9 150.802 126.335 24.4675
internal_count=977333 363977 613356 332860 217285 277923 238353 280496 72743 62044 144542 54937 234233 52042 158184 113866 146692 10699 30676 46263 145785 39570 2895 132859 12926 76049 5911 40352 907 543 364
is_linear=0
shrinkage=0.0171808


Tree=13
num_leaves=31
num_cat=0
split_feature=15 1 1 11 6 4 25 6 1 56 19 6 13 6 1 24 1 15 45 6 4 49 39 24 19 10 41 30 10 6
split_gain=63925.3 29489.1 20791.7 16424.1 20170.2 13444.5 11321.7 9805.45 7818.59 6813.3 4539.81 3787.23 3671.33 3667.9 2835.4 2796.74 2369.77 2218.77 2119.48 1693.3 1519.33 1210.33 1678.47 851.459 423.658 307.247 233.285 192.865 134.136 120.4
threshold=2200.5000000000005 -0.056840781122446053 -0.14226693660020825 1.0000000180025095e-35 13.500000000000002 -0.011438050772994755 1.0000000180025095e-35 5.5000000000000009 -0.019136482849717137 0.19128638505935672 5.7638268470764169 30.500000000000004 479.97500610351568 34.500000000000007 0.9510476589202882 3.5000000000000004 -0.062440656125545495 62.500000000000007 1.0000000180025095e-35 72.500000000000014 -0.012408714275807141 1.0881064534187319 393.31666564941412 3.5000000000000004 3.1502367258071904 20.008333206176761 479.68333435058599 0.87837970256805431 21.216667175292972 61.500000000000007
decision_type=2 2 2 2 2 2 2 2 2 2 2 2 2 2 2 2 2 2 2 2 2 2 2 2 2 2 2 2 2 2
left_child=2 9 12 4 7 -6 8 -4 11 10 13 -3 15 -2 19 20 -12 -17 23 -5 -1 22 -11 -14 -20 -16 -10 28 -8 -23
right_child=1 6 3 14 5 -7 27 -9 26 21 16 -13 18 -15 25 17 -18 -19 24 -21 -22 29 -24 -25 -26 -27 -28 -29 -30 -31
leaf_value=0.071900549707324568 0.045482832772573506 0.0068940095888557745 0.038246566631286366 0.062822554631632985 0.058185209617359492 0.036229094855895511 0.068319583935398373 -0.0055986518749668755 -0.017715623212385137 0.039178702570158534 0.021675560891299312 0.033141108524770896 0.035599195249636832 0.066276564924481002 0.07030453827230225 0.06685053874221443 0.1028617525402203 0.055980448399870722 0.06388826659136948 -0.019752093109543869 0.065891609816790972 -0.016529557683115252 -0.0084150983855344839 -0.0054011236192381224 0.038196908069913334 0.075870529788603772 0.042913457629373646 0.11143791894848766 0.091193135123718003 0.049060981763298213
leaf_weight=43267.029374174774 4422.6327116116881 4652.8908516336232 4399.3905820213258 15261.745507717133 51368.364131961018 9803.5302150882781 103.37399103865027 2288.8946704901755 2900.0353409629315 601.23251431062818 1602.5753720887005 2491.795015996322 318.40834492072463 5772.9272559806705 5011.9779951348901 17481.67371994257 113.65942645817995 8117.6119956187904 735.06222232431173 73.645657643675804 17426.604194197804 355.59734310954809 343.76610623300076 281.81883211806417 255.45388805493712 7055.817254036665 18.848896790295839 104.41100908815861 285.30530920624733 8.4528554044663888
leaf_count=54355 39995 107999 41813 42984 240075 95828 346 32901 103916 5738 18770 38244 1916 33782 5532 27486 1540 27422 2692 656 34344 7384 5563 2781 1302 1269 461 95 59 85
internal_value=0.0582219 0.0317192 0.0616627 0.0561026 0.0515693 0.0546665 0.0103071 0.0232416 0.00636866 0.0488163 0.052905 0.0160481 0.0676896 0.0572567 0.0673287 0.0681664 0.0270526 0.0634036 0.0418251 0.062426 0.0701752 0.0116106 0.0218646 0.0163477 0.0572631 0.0735589 -0.0173239 0.0906871 0.0851112 -0.0150049
internal_weight=206925 23777.5 183147 95263.4 67860.2 61171.9 10556.7 6688.29 10063.6 13220.8 11911.8 7144.69 87883.7 10195.6 27403.2 86292.9 1716.23 25599.3 1590.74 15335.4 60693.6 1309.05 944.999 600.227 990.516 12067.8 2918.88 493.09 388.679 364.05
internal_count=977333 363977 613356 461058 410617 335903 251120 74714 250620 112857 94087 146243 152298 73777 50441 143607 20310 54908 8691 43640 88699 18770 11301 4697 3994 6801 104377 500 405 7469
is_linear=0
shrinkage=0.0171808


Tree=14
num_leaves=32
num_cat=0
split_feature=8 1 1 26 6 36 25 19 1 56 1 20 2 6 9 19 16 19 24 19 8 34 39 10 34 43 50 14 2 2 10
split_gain=56615.8 26495.1 19287.7 18678.3 15647.6 13031.2 10202.2 9519.9 7521.49 6017.07 4641.6 10061.7 11066.2 5988.97 4429.15 4008.1 3634.4 1786.5 1693.59 1592.91 1243.76 1051.07 1409.68 914.817 748.387 210.291 170.14 141.758 281.055 119.643 53.1814
threshold=91.687500000000014 -0.056840781122446053 -0.10094850882887839 1.0000000180025095e-35 15.500000000000002 1.0000000180025095e-35 1.0000000180025095e-35 2.4548932313919072 -0.019136482849717137 0.19128638505935672 -0.17280977219343183 1.0000000180025095e-35 0.0055250306613743314 13.500000000000002 2.872916698455811 7.8604965209960946 11.525000095367433 17.32770919799805 3.5000000000000004 24.754343986511234 59.187500000000007 185.50000000000003 393.31666564941412 16.783333778381351 543.50000000000011 479.43333435058599 25.913223266601566 0.48060469329357153 0.0097710951231420057 0.0069933489430695781 27.275000572204593
decision_type=2 2 2 2 2 2 2 2 2 2 2 2 2 2 2 2 2 2 2 2 2 2 2 2 2 2 2 2 2 2 2
left_child=2 9 10 4 7 -6 8 -4 14 15 18 13 -13 -12 -3 16 -2 -17 20 -20 -1 22 -11 24 -5 -10 -23 28 -8 -25 -29
right_child=1 6 3 23 5 -7 27 -9 25 21 11 12 -14 -15 -16 17 -18 -19 19 -21 -22 26 -24 29 -26 -27 -28 30 -30 -31 -32
leaf_value=0.066342125607822003 0.04330539368898989 0.036732174151598754 0.047576846963779472 0.058203881018298237 0.037432682943511722 0.05613847234625307 0.12424990985477333 0.0006422132504913747 -0.017706128235724282 0.039526470295950751 0.029717370912377403 -0.0070762364019880033 0.049118844566733488 0.062880733322776744 0.0070310166565452532 0.0015532187906170984 0.062578173498337872 0.066175607981837622 0.058649431930033968 0.070145558480354114 0.087613163053269397 -0.013960865952548919 -0.0069342101560419629 0.076437523704850754 0.06916663593652958 0.03704933786853306 0.011750398525436806 0.070619274353204198 0.077546867069905698 0.070586932961315754 0.083886335442885637
leaf_weight=51013.932908657938 6058.9014440588653 2077.8004642482847 2048.1156743913889 4108.9988464713097 17552.549509290606 29417.129826467484 67.452848717570305 3382.3039369508624 2850.8926422614604 539.14210841245949 1675.5036173611879 1230.3548080697656 6493.8086543381214 39578.179372489452 5169.0248686764389 680.9452942609787 5519.7624580301344 155.03004581108689 17496.044538173825 4466.7439183667302 824.71905016154051 387.46154488995671 300.01580299064517 1220.0633801221848 3328.0704919993877 20.847908491268754 94.472650922834873 155.81817431002855 87.508133850991726 6795.6533340364695 211.62804374098778
leaf_count=59518 48530 29655 15150 9194 149339 120250 48 48261 103888 5549 12744 16059 34747 103118 116588 9410 34869 1278 36125 2622 1148 6832 4907 257 3479 489 1482 216 196 1345 40
internal_value=0.0550497 0.0303953 0.0582023 0.050851 0.0459558 0.0491481 0.0100448 0.018344 0.00622226 0.0461606 0.0622649 0.0581642 0.0401676 0.0615338 0.015547 0.04987 0.0524931 0.0135381 0.0649863 0.0609875 0.0666805 0.0113014 0.0229151 0.0674504 0.0631098 -0.0173084 -0.00891944 0.0840826 0.0978802 0.0714775 0.078262
internal_weight=215009 24376.7 190632 67852.9 52400.1 46969.7 10641 5430.42 10118.6 13735.7 122779 48977.8 7724.16 41253.7 7246.83 12414.6 11578.7 835.975 73801.4 21962.8 51838.7 1321.09 839.158 15452.8 7437.07 2871.74 481.934 522.407 154.961 8015.72 367.446
internal_count=977333 363977 613356 347275 333000 269589 251120 63411 250620 112857 266081 166668 50806 115862 146243 94087 83399 10688 99413 38747 60666 18770 10456 14275 12673 104377 8314 500 244 1602 256
is_linear=0
shrinkage=0.0171808


Tree=15
num_leaves=31
num_cat=0
split_feature=0 5 6 9 12 9 3 6 6 38 12 34 12 57 32 17 6 5 6 12 7 61 19 5 24 16 5 17 9 38
split_gain=42353.7 31878.2 15339.8 14434.7 11974.8 10806 6911.04 7576.97 11345.8 6712.71 6710.56 6649.46 5244.3 4697.99 4275.25 4139.56 3389.77 3001.96 2584.77 2417.04 2306.41 1777.78 1759.93 1567.28 852.619 646.426 605.269 594.872 667.595 491.706
threshold=1.0000000180025095e-35 -0.01676994655281305 29.500000000000004 2.935416698455811 -0.14223625510931012 7.3520302772521982 1.0000000180025095e-35 2.5000000000000004 25.500000000000004 1.8750000000000002 -0.14954847842454908 24.500000000000004 -0.015722400508821007 -0.0043104249052703372 791.50000000000011 1.5000000000000002 13.500000000000002 -0.039511218667030328 30.500000000000004 -1.0000000180025095e-35 1.0000000180025095e-35 1.0000000180025095e-35 2.4819960594177251 2.5862898826599126 3.5000000000000004 4.3750000000000009 -0.041240429505705826 12.500000000000002 8.5062155723571795 36.000000000000007
decision_type=2 2 2 2 2 2 2 2 2 2 2 2 2 2 2 2 2 2 2 2 2 2 2 2 2 2 2 2 2 2
left_child=1 2 3 11 15 -6 7 17 14 13 -5 -1 -10 18 -9 -4 22 19 -3 -2 -15 26 24 -19 -8 -23 -18 28 -11 -24
right_child=6 9 4 10 5 -7 16 8 12 27 -12 -13 -14 20 -16 -17 21 23 -20 -21 -22 25 29 -25 -26 -27 -28 -29 -30 -31
leaf_value=-0.014610122251181244 0.064179221212774723 0.043827151008168079 0.053804329281205841 0.011169986466139231 0.045681071515625817 0.0082965579031190062 0.050545430838265876 -0.018028456123836769 0.05538269016897087 0.074322938524034293 0.039308545976973884 0.055056908439984495 0.038990702387676199 -0.010736028716581325 0.033127148131291619 0.074661177717982863 0.04061057374199839 0.024558356339921882 0.004006499888215072 0.097049498901939646 0.025103058506147042 0.060603732980877005 -0.020365454557402032 0.070007049551120318 0.01193984255211337 0.06460134597184565 -0.0079616663519445959 0.169003557693607 -0.01884616566806261 0.074101132212964341
leaf_weight=429.56354089453816 19062.909591738135 1042.083509594202 30714.379575993866 7851.4467881247401 8270.4572009593248 3152.1714073345065 913.848079521209 535.34398702532053 63922.520630471408 383.98461440578103 3671.690122526139 6901.0454191528261 6332.1169551238418 4222.494900289923 4859.6963191702962 3091.874497000128 503.84995323419571 838.80076507106423 893.96766961552203 684.10779874026775 606.11592125706375 18194.613897830248 182.04583416506648 305.59668106585741 207.19621458277106 34774.812013424933 89.098640013486147 18.28692989051342 24.116709720343351 17.857838928699493
leaf_count=6854 25880 11788 157807 122032 55418 36505 2136 6195 171653 1866 48400 42769 28579 129023 36837 12684 2526 5808 11342 1243 13980 20256 1455 263 1058 21956 666 24 324 6
internal_value=0.052218 0.0412969 0.045146 0.0321265 0.0505731 0.0353646 0.0573584 0.0545909 0.0520614 0.00699647 0.020136 0.0509744 0.0539053 0.00282888 0.0280509 0.0557119 0.0622265 0.0637501 0.0254404 0.065318 -0.00623716 0.062897 0.0350364 0.0366954 0.0434107 0.0632282 0.0333109 0.0731139 0.0688156 -0.0119234
internal_weight=222698 71273.7 64082.6 18853.7 45228.9 11422.6 151424 96541.1 75649.7 7191.05 11523.1 7330.61 70254.6 6764.66 5395.04 33806.3 54883.3 20891.4 1936.05 19747 4828.61 53562.4 1320.95 1144.4 1121.04 52969.4 592.949 426.388 408.101 199.904
internal_count=977333 650816 482469 220055 262414 91923 326517 276458 243264 168347 170432 49623 200232 166133 43032 170491 50059 33194 23130 27123 143003 45404 4655 6071 3194 42212 3192 2214 2190 1461
is_linear=0
shrinkage=0.0171808


Tree=16
num_leaves=31
num_cat=0
split_feature=1 26 1 6 1 9 13 1 20 12 49 6 1 30 61 57 19 59 1 10 7 18 45 9 0 6 60 28 4 12
split_gain=40322.1 34565.3 32323.9 11324.2 9318.74 8367.04 7913.25 6654.94 14421.5 12104.1 6665.12 4443.93 4228.56 3573.56 2143.3 1336.04 3183.42 1156.19 904.84 870.275 713.009 606.286 604.996 598.562 229.3 148.531 74.0533 45.7052 35.5763 26.641
threshold=-0.091547865420579896 1.0000000180025095e-35 -0.041118944063782685 67.500000000000014 -0.024553417228162285 3.7430874109268193 479.97500610351568 -0.17280977219343183 1.0000000180025095e-35 -0.039493234828114503 1.1723520159721377 16.500000000000004 -0.073100820183753953 -0.87837970256805409 1.0000000180025095e-35 -1.0000000180025095e-35 2.229550957679749 0.77500000596046459 -0.019136482849717137 16.783333778381351 1.0000000180025095e-35 296.50000000000006 1.0000000180025095e-35 4.5826389789581308 0.10862350836396219 21.500000000000004 1.0000000180025095e-35 6.3471744060516366 -0.026540839113295075 -1.0000000180025095e-35
decision_type=2 2 2 2 2 2 2 2 2 2 2 2 2 2 2 2 2 2 2 2 2 2 2 2 2 2 2 2 2 2
left_child=6 2 3 5 11 -2 7 15 10 -10 -9 -4 -5 26 22 17 -17 -1 -6 21 -16 23 -15 -3 28 -23 29 -26 -21 -8
right_child=1 19 4 12 18 -7 13 8 9 -11 -12 -13 -14 14 20 16 -18 -19 -20 24 -22 25 -24 -25 27 -27 -28 -29 -30 -31
leaf_value=0.035438387402722489 0.044085156132120017 0.058013264384012588 -0.0022297804778163076 0.061777060105085491 0.00071809755392019878 0.027555539145586269 -0.019737433653659202 0.055783916970487638 0.020068272043847691 0.055531833288970343 0.0033340767829549639 0.027316622400605371 0.042050607082069175 -0.0066651473272099871 0.033383407491742241 0.069270189796437856 -0.0056361712492557468 0.059162208532471526 -0.017355984076308211 0.075325589885041427 0.052017907507309988 0.073634921001929268 0.023844164473480679 0.044623231994089047 0.063183739790030266 0.061822748266248936 0.021977551026771514 0.065891064990925216 0.069502545964556142 -0.004843113885441501
leaf_weight=611.19846366718411 16224.253816934302 2761.6594464145601 2050.1869301963598 7607.7230702340603 1117.7465013675392 20411.945013506338 370.4008667152375 55418.789512036368 7108.1996753569692 4732.2386380024254 724.53754233196378 5625.3647383768111 5546.3622761107981 321.0556477420032 1068.4461900200695 362.69282087311149 311.11216920986772 79079.000377234071 3044.1669645085931 580.75777470320463 1401.4948273636401 354.49823740124702 476.65042094886303 1533.0602818578482 4598.3133995085955 2810.4823544174433 13.911658391356466 3099.8600007593632 675.92615927010775 39.326091144233942
leaf_count=1947 111525 4796 41723 16098 21740 182659 3826 155506 63911 18299 7133 84156 24905 3886 5702 2504 4635 96373 109096 120 4050 269 4038 4012 838 2327 123 599 135 402
internal_value=0.0496583 0.0396194 0.0337184 0.0397853 0.00819956 0.0348757 0.0548113 0.0554296 0.0514731 0.034242 0.0551071 0.0194245 0.0534595 0.0299628 0.0360496 0.0587766 0.0346832 0.0589803 -0.0125018 0.0617744 0.0439573 0.0574393 0.0115642 0.0532337 0.0653855 0.063146 -0.0169849 0.064274 0.0721941 -0.0183094
internal_weight=230081 78042.3 61627.7 49790.3 11837.5 36636.2 152039 148348 67983.8 11840.4 56143.3 7675.55 13154.1 3691.29 3267.65 80364 673.805 79690.2 4161.91 16414.6 2469.94 7459.7 797.706 4294.72 8954.86 3164.98 423.639 7698.17 1256.68 409.727
internal_count=977333 604998 591902 335187 256715 294184 372335 350308 244849 82210 162639 125879 41003 22027 17676 105459 7139 98320 130836 13096 9752 11404 7924 8808 1692 2596 4351 1437 255 4228
is_linear=0
shrinkage=0.0171808


Tree=17
num_leaves=30
num_cat=0
split_feature=15 1 1 11 1 20 25 1 1 56 4 4 4 1 1 14 24 2 61 4 15 1 31 4 10 41 30 10 51
split_gain=43094.3 20453.4 15089.7 12098.4 14008.1 14749.7 8253.44 6589.6 6308.23 4841.57 3255.3 2883.17 4718.89 3268.64 2188.98 1839.78 1435.41 1387.4 1186.17 954.764 933.693 811.739 651.104 392.973 269.381 217.155 109.926 106.813 53.5756
threshold=2200.5000000000005 -0.056840781122446053 -0.17280977219343183 1.0000000180025095e-35 -0.073448114097118364 1.0000000180025095e-35 1.0000000180025095e-35 -0.019136482849717137 -0.02715298347175121 0.19128638505935672 -0.016382444649934765 -0.018972193822264668 -0.014561265707015989 -0.15062479674816129 0.9510476589202882 0.40255844593048101 3.5000000000000004 1.0000000180025095e-35 389.50000000000006 -0.062350515276193612 1420.5000000000002 -0.083674672991037355 469.26666259765631 -0.0569182951003313 20.008333206176761 479.68333435058599 0.87837970256805431 21.216667175292972 1.0000000180025095e-35
decision_type=2 2 2 2 2 2 2 2 2 2 2 2 2 2 2 2 2 2 2 2 2 2 2 2 2 2 2 2 2
left_child=2 9 16 4 5 -4 7 10 -6 11 -3 13 -13 -2 15 -5 20 -18 -19 28 22 -21 -1 -22 -16 -9 27 -8 -11
right_child=1 6 3 14 8 -7 26 25 -10 19 -12 12 -14 -15 24 -17 17 18 -20 21 23 -23 -24 -25 -26 -27 -28 -29 -30
leaf_value=0.057034184437459362 0.05897053438374162 0.0042043496744502045 0.050441269790218735 0.080671730838003997 0.033521649601487805 0.027700012894899671 0.053755543985742865 -0.017695528489577426 -0.015521935140017467 -0.016766733389751196 0.026933642013298738 0.076294967498166694 0.041780567351550446 0.031060330306058113 0.057046459387915895 0.050539429965485168 -0.018956742241826804 0.05068506888124865 0.060634099717194516 0.030933329648546618 0.10172377406803863 0.00067084836074014754 0.027934211460472917 0.069718377032146506 0.061910514493990113 0.038867310913434948 0.085535840620304782 0.072533181790098794 0.014068220768823246
leaf_weight=56228.788749951869 1518.1562599390745 4533.4824787061661 56241.797422252595 613.85007248073816 24280.880454853177 9900.7034582830966 122.14859675243497 2771.9874235708266 799.63235991448164 335.5316246021539 3154.0195211041719 1676.7087361626327 3864.4485259391367 6727.6046755872667 5766.3396802544594 23444.978198673576 80.565360728651285 19913.406514268368 4302.3450725153089 584.65113148838282 132.0079929381609 473.62325519695878 227.96501863747835 801.01518530398607 8074.9924562424421 20.174097802489996 128.60434106364846 337.06912921369076 17.47809175401926
leaf_count=57879 4755 89968 176388 743 181180 79093 346 103916 14416 5738 56275 6509 30897 51926 5532 55322 991 35570 2186 6205 244 6611 1639 904 1269 461 95 59 216
internal_value=0.0473517 0.0265996 0.0499373 0.0462812 0.0428914 0.0470372 0.00883304 0.00531911 0.031958 0.0395374 0.0135298 0.0426399 0.0522245 0.0361991 0.0544403 0.0513083 0.0557165 0.0522159 0.0524527 0.00922825 0.0571985 0.0173902 0.0569167 0.0742473 0.0598842 -0.0172866 0.0714781 0.0675398 -0.0152383
internal_weight=237075 26265.7 210809 129123 91223 66142.5 11067.5 10479.7 25080.5 15198.2 7687.5 13786.9 5541.16 8245.76 37900.2 24058.8 81686.1 24296.3 24215.8 1411.28 57389.8 1058.27 56456.8 933.023 13841.3 2792.16 587.822 459.218 353.01
internal_count=977333 363977 613356 513943 451077 255481 251120 250620 195596 112857 146243 94087 37406 56681 62866 56065 99413 38747 37756 18770 60666 12816 59518 1148 6801 104377 500 405 5954
is_linear=0
shrinkage=0.0171808


Tree=18
num_leaves=31
num_cat=0
split_feature=8 1 3 4 1 25 25 8 1 20 13 49 4 6 12 20 22 41 6 12 24 24 4 41 14 14 57 14 9 50
split_gain=37346.8 19156.2 13501.3 10974.5 10195.9 11013.6 7841.03 7698.41 7633.89 5269.01 4245.45 3994.86 3810.5 3507.48 3464 5570.94 3390.95 3321.48 2183.71 1115.39 872.052 279.773 280.454 138.262 129.952 122.795 114.788 96.5656 178.968 25.0126
threshold=71.437500000000014 -0.056840781122446053 1.0000000180025095e-35 -0.012408714275807141 -0.073448114097118364 1.0000000180025095e-35 1.0000000180025095e-35 18.270833015441898 -0.019136482849717137 1.0000000180025095e-35 419.50833129882818 1.1114558577537539 -0.016382444649934765 46.500000000000007 -0.03272640332579612 1.0000000180025095e-35 1.0000000180025095e-35 479.68333435058599 13.500000000000002 -0.086136441677808748 3.5000000000000004 5.5000000000000009 -0.02207595948129892 18.083333015441898 3.6450190544128422 2.8262152671813969 -0.045773809775710099 1.0000000180025095e-35 1.9090277552604678 70.200481414794936
decision_type=2 2 2 2 2 2 2 2 2 2 2 2 2 2 2 2 2 2 2 2 2 2 2 2 2 2 2 2 2 2
left_child=2 11 3 4 10 -6 8 9 12 -5 -1 14 -3 -9 16 -16 -2 18 19 -4 -20 26 -23 24 -13 -10 -19 28 -8 -29
right_child=1 6 17 7 5 -7 27 13 25 -11 -12 23 -14 -15 15 -17 -18 21 20 -21 -22 22 -24 -25 -26 -27 -28 29 -30 -31
leaf_value=0.050510855910804016 0.036903651345228126 0.0054605333412509876 0.03974633524513773 0.050275410337606789 0.030593582512625742 0.053698798777173921 0.099789235652613509 0.02341428320048047 -0.017687724875635885 0.033203954891039077 0.02437774136913894 -0.016818176418935404 0.028362767929591928 -0.011633426706172855 0.03719202651028275 0.10795081588090959 0.11353993506376939 0.027389123100489861 0.056197650441510837 -0.019899357143294841 0.051636460186400029 0.048832228454713161 -0.019524070731462069 0.060379012740021727 0.053336835996276123 0.014543644660620659 -0.011556592413951294 0.059478032032915767 0.06455940718572041 0.067309531607437259
leaf_weight=88903.482321929187 15995.858451418579 4962.1490340363234 1920.1306486353278 8375.3848749026656 18794.386287793517 9008.7340673655272 71.203950140625238 3868.1755126044154 2755.6750246435404 14710.591440692544 1873.7265386097133 397.98288435861468 3776.549053190276 1077.6740678399801 798.29351133480668 558.06837099790573 172.27030553668737 24.67456553503871 48099.518791012466 97.216947011649609 16663.865128442645 58.694025583565235 25.361615717411041 7.2220761366188517 7.9454261325299731 35.316555654630065 235.27869683504105 215.46340927481651 106.31108935177326 279.57958842068911
leaf_count=207190 111080 95195 5475 29885 123359 12898 53 40601 104830 81893 9629 7727 63149 16742 5690 1884 381 241 36224 862 18660 352 246 59 98 899 2983 165 193 103
internal_value=0.045295 0.0273908 0.0478197 0.0448979 0.0471833 0.0380801 0.0107838 0.03523 0.00745744 0.0393974 0.0499715 0.0386878 0.0153581 0.0157774 0.0399328 0.0663058 0.0377202 0.0542014 0.0544757 0.0368717 0.055024 0.000951041 0.0282 -0.0141165 -0.0154435 -0.0172797 -0.00785749 0.0678073 0.0786941 0.0639022
internal_weight=243877 30139.9 213737 146612 118580 27803.1 12202.2 28031.8 11529.7 23086 90777.2 17937.6 8738.7 4945.85 17524.5 1356.36 16168.1 67124.7 66780.7 2017.35 64763.4 344.009 84.0556 413.15 405.928 2790.99 259.953 672.558 177.515 495.043
internal_count=978746 391506 587240 522197 353076 136257 264587 169121 264073 111778 216819 126919 158344 57343 119035 7574 111461 65043 61221 6337 54884 3822 598 7884 7825 105729 3224 514 246 268
is_linear=0
shrinkage=0.0171808


Tree=19
num_leaves=32
num_cat=0
split_feature=8 1 3 16 8 25 1 1 6 56 6 19 61 12 21 34 61 6 6 61 13 44 14 18 62 24 1 19 14 6 50
split_gain=34324.2 17463.4 12919.2 10161.4 9581.62 7236.78 7348.51 5702.1 5464.56 3809.4 3478.27 3354.53 3123.67 2635.61 2127.52 2813.07 2051.57 1718.96 1709.56 1370.83 1304.05 1262.26 1199.53 1741.47 911.717 724.696 398.504 189.78 75.8897 131.391 21.8261
threshold=71.437500000000014 -0.056840781122446053 1.0000000180025095e-35 19.508333206176761 8.354166507720949 1.0000000180025095e-35 -0.02324205823242664 -0.073448114097118364 5.5000000000000009 27.46571254730225 16.500000000000004 5.1187477111816415 1.0000000180025095e-35 -0.03272640332579612 866.50000000000011 665.50000000000011 96.500000000000014 13.500000000000002 15.500000000000002 7.5000000000000009 479.97500610351568 16.008333206176761 2.393884658813477 3.5000000000000004 0.062500001862645163 3.5000000000000004 -0.019136482849717137 2.0877825021743779 1.0000000180025095e-35 35.500000000000007 70.200481414794936
decision_type=2 2 2 2 2 2 2 2 2 2 2 2 2 2 2 2 2 2 2 2 2 2 2 2 2 2 2 2 2 2 2
left_child=2 9 3 4 8 6 10 -6 -1 11 -3 13 20 -2 18 -16 -13 19 -5 -14 21 -4 24 -24 -11 -19 -8 -22 29 -7 -30
right_child=1 5 12 14 7 28 26 -9 -10 22 -12 16 17 -15 15 -17 -18 25 -20 -21 27 -23 23 -25 -26 -27 -28 -29 30 -31 -32
leaf_value=0.052893246359831038 0.040743084603962657 -0.00078870239841509872 0.0026997883054224424 -0.0017321605261379034 0.037176003490293402 0.090892361809763386 -0.00037520124431981197 0.021918689312797151 0.040439034074980527 0.0024201748126905414 0.023178769531882477 -0.0011936343073639963 0.060557106966439934 0.06865690292364314 0.04836109716804856 0.037031743509835464 0.031083558607671809 0.053877921319641052 0.054242619427148593 0.028052952661738961 0.0058361447132224825 0.058617063534030386 -0.0048554003424064783 0.10377609018456549 0.088826044217574687 0.04975696659396614 -0.017264377763656261 -0.019386020463849022 0.056767139737446279 0.061552431402025334 0.063974300309714752
leaf_weight=13546.567300692201 12664.402794990689 2586.2243979107589 183.86688662320375 162.68186390772462 19459.083934992552 76.96624469012022 485.3495430201292 11505.975595854223 44769.081211123616 1270.5161098055542 5785.6066485866904 760.24935897812247 519.07925165072083 1083.9863304886967 37461.605216387659 7820.3051537759602 2468.5903389193118 48976.355029094964 15934.163147062063 1461.4892092645168 293.44821862503886 338.74832358211279 82.080113604664803 92.794325351715088 37.099485021084547 16964.830258637667 2745.8722514081746 125.80523328483105 221.81683142483234 109.28706762939692 289.01582388579845
leaf_count=22243 73845 55090 888 1653 97876 92 10702 99976 144439 17251 92552 7758 669 4720 99490 29793 21772 35447 26727 5092 2832 388 1150 244 179 18275 105729 1452 165 154 103
internal_value=0.0433666 0.0263694 0.0457482 0.0429303 0.0392307 0.0105105 0.0072803 0.0315067 0.0433321 0.0369366 0.0157747 0.0392429 0.0519131 0.042944 0.0483117 0.0464045 0.0234835 0.052344 0.0536769 0.0365722 0.0208386 0.0389454 0.0105243 0.0527846 0.00487215 0.0528177 -0.0147277 -0.00173077 0.064276 0.0736801 0.060846
internal_weight=250283 30759.9 219523 150659 89280.7 12300.1 11603.1 30965.1 58315.6 18459.7 8371.83 16977.2 68863.6 13748.4 61378.8 45281.9 3228.84 67921.8 16096.8 1980.57 941.869 522.615 1482.49 174.874 1307.62 65941.2 3231.22 419.253 697.086 186.253 510.833
internal_count=978746 391506 587240 522197 364534 264587 264073 197852 166682 126919 147642 108095 65043 78565 157663 129283 29530 59483 28380 5761 5560 1276 18824 1394 17430 53722 116431 4284 514 246 268
is_linear=0
shrinkage=0.0171808


Tree=20
num_leaves=32
num_cat=0
split_feature=2 5 3 6 18 6 6 12 6 14 12 31 6 12 15 38 12 15 6 15 41 14 32 28 24 4 39 4 24 34 37
split_gain=35302.4 21829.1 9860.51 9542.52 8666.67 8444.15 15023.3 7443.41 5121.85 4852.14 7870.12 3655.64 3645.64 3540.55 3650.42 3509.2 3501.21 2815.65 2413.3 2914.66 2153.45 1983.87 1602.96 1371.18 1105.26 913.888 863.4 465.091 332.422 213.492 206.874
threshold=0.0014026597491465511 -0.026048575527966019 1.0000000180025095e-35 12.000000000000002 69.500000000000014 2.5000000000000004 25.500000000000004 -0.015722400508821007 4.5000000000000009 0.91709035634994518 -0.13547744601964948 270.92500305175787 13.500000000000002 -0.15990436822175977 97.500000000000014 1.0000000180025095e-35 -0.1948214769363403 2576.5000000000005 72.500000000000014 1655.5000000000002 479.68333435058599 0.84497156739234935 41.500000000000007 7.9014945030212411 3.5000000000000004 -0.05250596068799495 1.2250000238418581 -0.038263233378529542 5.5000000000000009 762.50000000000011 1.0000000180025095e-35
decision_type=2 2 2 2 2 2 2 2 2 2 2 2 2 2 2 2 2 2 2 2 2 2 2 2 2 2 2 2 2 2 2
left_child=1 3 5 4 8 13 16 -8 -1 10 -5 -11 21 14 -2 18 -7 -15 22 -20 26 25 -3 -23 -6 -4 -14 29 -22 -17 -29
right_child=2 15 12 9 24 6 7 -9 -10 11 -12 -13 20 17 -16 27 -18 -19 19 -21 28 23 -24 -25 -26 -27 -28 30 -30 -31 -32
leaf_value=0.045426096423403214 0.045698323480409371 0.070179572865305379 0.065975136531339851 0.039040859561775935 0.0048174222106836676 -0.0084877166816184572 0.042896886452100783 0.026145846065734928 -0.0061748711332831867 0.049700652060162276 0.012320039815315676 0.00057889501971535311 0.034965276298911246 0.051865464727488486 0.0094736481305347908 0.0013638415571504759 0.022878766417237472 0.085966371432715266 0.014513580190739594 0.14813588209599593 -0.0044245636885765528 0.043888987983013467 -0.0061307379878111495 0.014355914809771221 -0.014143408224546924 -0.015437233066035897 0.05077844590102739 0.04967591146613666 0.03548946242327828 0.084315638315357905 0.080789861159545617
leaf_weight=2802.9536739848554 2947.374639980495 82.293552694842219 46.195175930857658 12255.290712356567 2422.1194466855377 1206.882452186197 98612.054766800255 8505.8065587002784 712.01511217281222 9108.0745742153376 4429.7289906647056 470.31623231992126 1035.0204569976777 22522.176395654678 1138.3289970383048 56.255721502006054 8102.2651257961988 738.19782312214375 186.12646048516035 65.023468621075153 237.62506686151028 1763.3257488049567 6420.4440628439188 629.88026382401586 1451.1571370940655 342.0846000649035 67775.401997642592 122.32310199178755 83.133606880903244 10.942999705672262 130.60192495584488
leaf_count=16007 5039 432 138 87999 37882 12642 276089 42088 13711 46326 46189 5671 2976 33620 9096 690 67592 4191 1535 54 2968 5866 173742 2669 24790 2930 54100 734 538 44 398
internal_value=0.0415933 0.0269225 0.0443634 0.0326896 0.0154399 0.0417653 0.0397474 0.0415668 0.0349733 0.0375421 0.0319467 0.0472888 0.0495576 0.0503567 0.0356058 -0.00051194 0.0188122 0.0529477 -0.00314651 0.0491113 0.0503336 0.0302718 -0.00516492 0.0361163 -0.00228626 -0.00574967 0.0505406 0.0550696 0.00591832 0.0148815 0.0657446
internal_weight=256411 40725.7 215686 33651.7 7388.25 143773 116427 107118 3514.97 26263.4 16685 9578.39 71912.7 27346.1 4085.7 7074.01 9309.15 23260.4 6753.89 251.15 69131.2 2781.49 6502.74 2393.21 3873.28 388.28 68810.4 320.124 320.759 67.1987 252.925
internal_count=978746 456204 522542 278575 92390 450357 398411 318177 29718 186185 134188 51997 72185 51946 14135 177629 80234 37811 175763 1589 60582 11603 174174 8535 62672 3068 57076 1866 3506 734 1132
is_linear=0
shrinkage=0.0171808


Tree=21
num_leaves=30
num_cat=0
split_feature=2 1 1 26 1 44 16 30 9 18 14 9 34 1 19 31 61 1 10 21 34 10 51 29 19 2 21 28 8
split_gain=32851.7 16092.6 10639.1 9559.05 12678.3 6350.9 4986.71 3599 4891.54 4143.81 3342.45 4313.96 2964.05 2906.93 2608.01 1535.07 1324.51 1192.44 1023.73 884.032 1308.83 823.105 801.411 515.146 332.338 277.493 406.387 210.594 79.3006
threshold=0.0014026597491465511 -0.041118944063782685 -0.19145977497100827 1.0000000180025095e-35 -0.058682156726717942 1.2250000238418581 37.908334732055671 -0.60785761475563038 3.5826388597488408 218.50000000000003 0.62074550986289989 1.324305593967438 197.50000000000003 -0.027613061480224129 0.97876062989234935 469.26666259765631 305.50000000000006 -0.066168136894702897 24.433333396911625 2325.5000000000005 573.50000000000011 15.233333110809328 1.0000000180025095e-35 1.0000000180025095e-35 0.54080370068550121 0.034730838611721999 2253.5000000000005 3.1592359542846684 39.020833969116218
decision_type=2 2 2 2 2 2 2 2 2 2 2 2 2 2 2 2 2 2 2 2 2 2 2 2 2 2 2 2 2
left_child=1 6 15 4 5 -4 7 9 -9 -1 18 14 -13 -6 -12 19 17 -8 22 24 -21 23 -3 -5 -2 26 -17 -27 -23
right_child=2 10 3 21 13 -7 16 8 -10 -11 11 12 -14 -15 -16 25 -18 -19 -20 20 -22 28 -24 -25 -26 27 -28 -29 -30
leaf_value=0.005829754854664802 0.05699117273904044 -0.016030412046553678 0.0053940087283144648 0.047466082801517463 0.021294366841921021 0.039847053899865911 0.053066784450233051 0.041090967807345877 0.024542224160642518 0.041327610617445526 -0.0020470067702669905 -0.0065126343978772769 0.017135830139499514 -0.010171863316512835 0.064021332529555289 -0.019358246114346271 -0.019339759200825805 0.035241029773189436 0.073121095578320555 0.044112182128829856 0.051781771242207973 0.053037491134572137 0.016874395453405917 0.025660173743698812 0.049226617467066462 -0.020218657720464769 0.024102789199997865 0.036591185621176574 0.059744509439103942
leaf_weight=3568.6384956352413 1697.1681380942464 2090.7391128279269 1603.0163309462368 14283.887390725315 7695.872783228755 106940.43038066849 3812.6371976435184 9396.8498702645302 12012.516623850912 1333.4016876667738 237.24905236810446 2664.0397825501859 3790.2556239329278 976.56596332229674 687.01328509300947 114.20750123262405 87.90959413908422 1561.707195552066 41.867386817932129 28318.197929948568 8552.802128367126 9236.609813272953 243.96291642077267 327.24459044635296 40062.16984461993 21.312925897538662 143.04132331162691 198.78874458000064 553.09316140413284
leaf_count=36683 1663 61211 12134 19294 64841 324186 14940 55921 104858 11521 4952 63592 77493 18671 5844 1344 1008 12791 7 44486 5126 1671 5383 1176 25778 200 1061 803 108
internal_value=0.0399593 0.0259404 0.0425969 0.0397777 0.0377411 0.0393382 0.0318664 0.0287652 0.0318057 0.0154856 0.00663854 0.0123461 0.00737472 0.017751 0.0470616 0.0476438 0.0468049 0.047887 -0.0110815 0.0478302 0.0458913 0.049561 -0.0125918 0.0469777 0.0495422 0.0169251 0.00480551 0.0310873 0.0534165
internal_weight=262253 41528.8 220724 141617 117216 108543 31773.7 26311.4 21409.4 4902.04 9755.13 7378.56 6454.3 8672.44 924.262 79107.7 5462.25 5374.34 2376.57 78630.3 36871 24400.8 2334.7 14611.1 41759.3 477.35 257.249 220.102 9789.7
internal_count=978746 456204 522542 442081 419832 336320 237722 208983 160779 48204 218482 151881 141085 83512 10796 80461 28739 27731 66601 77053 49612 22249 66594 20470 27441 3408 2405 1003 1779
is_linear=0
shrinkage=0.0171808


Tree=22
num_leaves=32
num_cat=0
split_feature=15 1 3 16 15 35 1 36 32 19 34 61 29 56 59 38 1 42 44 44 24 15 1 17 15 1 15 1 24 9 15
split_gain=28371.8 13803.3 11839.6 8842.53 8402.07 5248.98 8040.48 5090.7 3939.05 3396.17 3180.48 2663.25 2570.37 2080.95 1633.23 1533.96 1521.67 1441.62 1045.9 1059.33 829.928 1560.83 597.797 547.522 472.762 373.54 188.116 69.2987 407.906 42.1044 38.2789
threshold=1714.5000000000002 -0.066453509032726274 1.0000000180025095e-35 24.491666793823246 200.50000000000003 0.067398086190223708 -0.02324205823242664 1.0000000180025095e-35 296.50000000000006 2.5382411479949956 24.500000000000004 1.0000000180025095e-35 1.0000000180025095e-35 2.6904258728027348 26.991666793823246 19.341667175292972 -0.076299522072076784 9.5000000000000018 457.60833740234381 16.008333206176761 3.5000000000000004 50.500000000000007 -0.12311021983623503 1.0000000180025095e-35 579.50000000000011 -0.019136482849717137 719.50000000000011 -0.039408683776855462 4.5000000000000009 1.7798611521720888 511.50000000000006
decision_type=2 2 2 2 2 2 2 2 2 2 2 2 2 2 2 2 2 2 2 2 2 2 2 2 2 2 2 2 2 2 2
left_child=2 9 3 4 12 6 8 -6 -3 10 22 18 -1 17 -12 16 -5 -11 19 -4 24 -22 -2 -15 -13 -8 -20 28 -7 -29 -17
right_child=1 5 11 15 7 27 25 -9 -10 13 14 20 -14 23 -16 30 -18 -19 26 -21 21 -23 -24 -25 -26 -27 -28 29 -30 -31 -32
leaf_value=0.039244215394815429 0.024227599648311362 0.074837903351154922 0.0013640404186261467 0.044131734548848764 0.021304628467068418 0.0072181503440812691 -0.00059673574487553542 0.034176002426928268 0.014550315714678953 0.028007135928161002 0.023173017773173658 0.04718046129350794 0.023318988478733076 -0.010168326690666621 0.04726255529550237 0.052104130756393245 0.036572746787713703 0.10423725579201498 -0.012221894267058516 0.051443060081189415 0.04730077983910487 0.036948127422903897 -0.012116556573331796 0.042820747909196544 0.052552216917860474 -0.016880791986142247 0.01025642145983373 0.050456591543787455 0.09426943727203338 0.059965437275389125 0.057299755422449479
leaf_weight=67326.378684815019 219.90967172756791 329.07129707187414 190.96414256095886 39826.161951713264 16465.886418327689 43.242865037173033 490.66807751357555 20194.684992216527 11490.75358120352 7498.4943955168128 939.58377769589424 48519.054341100156 3130.9583123065531 535.92898298613727 7179.9340437836945 4584.0330818891525 9795.6496710292995 73.957630716264248 229.51051219925284 359.36141033470631 11704.083369214088 6795.2576981298625 340.31319111585617 64.482219655066729 5374.0439462065697 2728.4842368848622 210.84988146275282 189.89435210078955 25.134438756853342 508.3173294775188 463.58650131896138
leaf_count=170162 1816 2199 888 78980 126046 470 10699 88743 170176 54032 6353 33460 13493 7896 25994 1148 43404 145 2358 378 7257 12821 4732 479 5945 105837 1936 107 88 483 221
internal_value=0.0384475 0.0234419 0.0405314 0.0379351 0.0350656 0.0119082 0.00967278 0.0283949 0.0162288 0.034259 0.0417432 0.0462553 0.0385365 0.0263106 0.044475 0.0435575 0.0426396 0.0287517 0.0182755 0.0340667 0.0466382 0.043498 0.00214885 -0.00447643 0.0477161 -0.0143989 -0.00145758 0.0557617 0.039226 0.0573802 0.0525814
internal_weight=267829 32658.2 235170 161787 107118 15805.6 15039 36660.6 11819.8 16852.6 8679.74 73383.1 70457.3 8172.86 8119.52 54669.4 49621.8 7572.45 990.686 550.326 72392.4 18499.3 560.223 600.411 53893.1 3219.15 440.36 766.589 68.3773 698.212 5047.62
internal_count=978746 391506 587240 522197 398444 290059 288911 214789 172375 101447 38895 65043 183655 62552 32347 123753 122384 54177 5560 1266 59483 20078 6548 8375 39405 116536 4294 1148 558 590 1369
is_linear=0
shrinkage=0.0171808


Tree=23
num_leaves=32
num_cat=0
split_feature=2 5 1 26 1 6 9 30 14 12 5 12 35 6 7 1 6 61 13 5 7 10 30 61 43 4 1 12 14 1 0
split_gain=29260 18261.5 10162.6 8979.37 11110.2 8165.66 7897.35 5810.25 4094.18 6860.52 3287.32 3179.72 3161.45 2762.53 2214.1 2437.68 2413.59 1953.98 1366.08 1078.47 1903.02 812.027 560.069 523.133 482.969 422.647 357.648 202.314 182.321 160.866 47.0762
threshold=0.0014026597491465511 -0.026048575527966019 -0.19145977497100827 1.0000000180025095e-35 -0.058682156726717942 12.000000000000002 2.5673611164093022 -0.87837970256805409 0.92058289051055919 -0.13547744601964948 -0.021392145194113251 -0.11401365324854849 0.096204683184623732 4.5000000000000009 1.0000000180025095e-35 -0.013976968359202145 72.500000000000014 1.5000000000000002 479.97500610351568 -0.10225096344947814 1.0000000180025095e-35 15.233333110809328 -0.87837970256805409 1.0000000180025095e-35 10.00833320617676 -0.038263233378529542 -0.23943050205707547 -1.0000000180025095e-35 0.95991593599319469 -0.028684212826192376 0.10862350836396219
decision_type=2 2 2 2 2 2 2 2 2 2 2 2 2 2 2 2 2 2 2 2 2 2 2 2 2 2 2 2 2 2 2
left_child=1 5 18 4 7 6 17 -4 9 -7 -6 -10 14 -8 16 -16 -3 -1 19 26 -21 24 27 -24 -5 29 -2 -20 -27 -14 -23
right_child=2 12 3 21 10 8 13 -9 11 -11 -12 -13 25 -15 15 -17 -18 -19 22 20 -22 30 23 -25 -26 28 -28 -29 -30 -31 -32
leaf_value=-0.018863065465960494 0.045328552705815484 -0.0087684171417057536 0.024439269228009278 0.04383330534925757 0.021543610950960853 0.034724833609357575 0.012168369186831732 0.037587489203802171 0.036607626892449167 0.010521578099267624 -0.004786879947688256 0.058930121819986546 -0.0059967071195237264 -0.013210956152932158 0.051674748225056015 -0.017608457471577417 0.043529598437041232 0.041584159612033163 -0.020277459262158005 0.038531091262477619 0.045640893381745103 0.052830368412829828 0.0053880978329252363 0.03554003341729299 0.0060630752926864127 0.067800014572855005 0.048876598940055041 0.042086209408064013 0.026139393044687667 0.060868757965936909 0.049396626358136166
leaf_weight=168.65704190731049 18431.772313587368 5964.3640143983066 10984.20338832587 15128.582980178297 7223.9264539517462 13291.155436243862 2906.0758276693523 102500.26035191864 7720.7735351920128 4672.2732693068683 1735.9070623647422 2491.5976773649454 43.417492233216763 2243.2242289539427 417.57346431910992 233.83149557933211 272.37480460107327 2461.0033999197185 93.279929835349321 17996.508703064173 29058.303595259786 1368.6545390337706 206.01676089316607 968.87828339636326 100.63523280620575 219.75476412475109 15402.667914964259 18.375909529626369 36.162386264652014 14.054636269807814 8767.7396879345179
leaf_count=2334 12490 161208 43889 20054 58466 88609 36599 292431 40357 46332 25046 10887 494 42180 3434 9916 1590 11277 911 33354 17477 249 1907 2190 416 709 12047 85 195 83 1530
internal_value=0.0370451 0.0240639 0.039481 0.0367881 0.0348607 0.0290657 0.013483 0.0363149 0.0333678 0.0284296 0.0164422 0.0420539 -0.000908061 0.00111208 -0.00333623 0.0268036 -0.00648432 0.0377071 0.0443247 0.0446041 0.0429217 0.046092 0.0267588 0.0302535 0.0435838 0.05246 0.0469438 -0.0100083 0.0619156 0.0103441 0.0498603
internal_weight=273142 43156.3 229986 147810 122444 35954.8 7778.96 113484 28175.8 17963.4 8959.83 10212.4 7201.53 5149.3 6888.14 651.405 6236.74 2629.66 82175.8 80889.3 47054.8 25365.6 1286.55 1174.9 15229.2 313.389 33834.4 111.656 255.917 57.4721 10136.4
internal_count=978746 456204 522542 442081 419832 278575 92390 336320 186185 134941 83512 51244 177629 78779 176148 13350 162798 13611 80461 75368 50831 22249 5093 4097 20470 1481 24537 996 904 577 1779
is_linear=0
shrinkage=0.0171808


Tree=24
num_leaves=32
num_cat=0
split_feature=2 5 1 16 6 9 39 7 16 35 3 38 48 7 55 1 6 29 15 13 6 5 3 30 15 61 4 9 38 10 15
split_gain=27207 15719.5 10075.1 8781.48 7227.88 7509.19 5699.73 4525.63 4180.87 3499.91 3097.02 2818.77 2701.45 2387.42 3087.88 2372.2 2016.57 1994.27 1837.06 1151.8 1074.47 1041.65 2191.85 712.577 619.045 470.71 255.69 325.129 206.673 113.869 97.3634
threshold=0.0014026597491465511 -0.026048575527966019 -0.19145977497100827 18.841667175292972 12.000000000000002 2.5673611164093022 2.3416665792465214 1.0000000180025095e-35 40.725000381469734 1.0000000180025095e-35 1.0000000180025095e-35 7.3583333492279062 52.766666412353523 1.0000000180025095e-35 146.50000000000003 -0.013976968359202145 4.5000000000000009 1.0000000180025095e-35 162.50000000000003 479.97500610351568 24.000000000000004 -0.10225096344947814 1.0000000180025095e-35 -0.87837970256805409 2576.5000000000005 1.0000000180025095e-35 -0.011821242980659006 2.1312500238418584 3.7916666269302373 19.066666603088382 15.500000000000002
decision_type=2 2 2 2 2 2 2 2 2 2 2 2 2 2 2 2 2 2 2 2 2 2 2 2 2 2 2 2 2 2 2
left_child=1 4 19 6 5 12 18 -8 10 13 -6 17 -1 14 -3 -15 -7 -5 -4 21 -10 24 -23 30 -2 -25 28 -28 -11 -13 -21
right_child=2 9 3 11 8 16 7 -9 20 26 -12 29 -14 15 -16 -17 -18 -19 -20 23 -22 22 -24 25 -26 -27 27 -29 -30 -31 -32
leaf_value=0.031850121477120304 0.044918277498463527 -0.0070955840054575262 0.024828140152551283 0.039629746774780462 0.027005262540252033 0.0105320076111534 0.02958196819412548 0.037806337699176164 0.068073156254928088 0.014083725304550366 0.048549840731375464 0.04403233485067154 0.10092585058492835 0.05036738086723952 0.1367080072278124 -0.017601185105557082 -0.011117898365185378 0.028320662384241215 -0.00299074555871809 0.035617639949466012 0.043391639771136609 0.036659122972246674 0.044273049204786842 0.0074499738045513374 0.057247938282329401 0.035602703625811187 0.030569910519402686 0.088981387441968485 0.048292523609031301 0.048475445236953019 -0.020253780188861262
leaf_weight=2567.1034500040114 33538.762295879424 6115.9192808140069 1174.4917003437877 46513.109905648977 21808.19197197631 2946.5821200031787 52362.996870607138 31710.903638400137 592.52350841835141 68.971446461975574 2165.1029861532152 2054.1520722135901 178.76909083873034 456.31018664687872 44.395977150648832 226.94540814869106 2231.8462423458695 5108.659775191918 1736.8519890867174 10.144966647028921 4297.7184399645776 17726.399690072984 30136.277307353914 211.6214634180069 1247.0817048922181 1023.2223955243826 42.383628033101559 83.856248885393143 214.21837599202991 10053.297299012542 98.838544845581055
leaf_count=13729 22921 161487 3940 110265 158764 36689 226985 59859 3734 758 4492 2204 73 3391 564 9781 42179 19844 18315 40 18537 33133 17522 1938 1787 2228 135 211 810 1438 953
internal_value=0.0357477 0.0233565 0.0380728 0.0354154 0.0279141 0.0133798 0.0318656 0.032684 0.0319044 0.000239572 0.028951 0.0402605 0.0363475 -0.00267952 -0.00605912 0.0277905 0.00120101 0.0385106 0.00823171 0.0428411 0.0463823 0.0430977 0.0414532 0.0270616 0.0453603 0.0307785 0.0490333 0.0693753 0.0399631 0.0477217 -0.0150471
internal_weight=278748 44040.8 234707 150714 36787.8 7924.3 86985.2 84073.9 28863.5 7253 23973.3 63729.2 2745.87 6843.57 6160.32 683.256 5178.43 51621.8 2911.34 83992.3 4890.24 82648.5 47862.7 1343.83 34785.8 1234.84 409.43 126.24 283.19 12107.4 108.984
internal_count=978706 455334 523372 442850 278197 92670 309099 286844 185527 177137 163256 133751 13802 175223 162051 13172 78868 130109 22255 80522 22271 75363 50655 5159 24708 4166 1914 346 1568 3642 993
is_linear=0
shrinkage=0.0171808


Tree=25
num_leaves=32
num_cat=0
split_feature=15 7 4 5 6 19 56 12 6 12 39 16 31 5 5 2 55 46 7 31 12 6 2 2 18 18 2 2 19 28 5
split_gain=25763.8 11696.5 9205.94 8836.29 7877.19 5883.88 5247.03 4895.87 4135.35 3317.52 3248.67 2951.15 2700.8 2686.45 2678.65 2506.48 2753.74 3140.2 2087.49 2051.05 1481.78 2665.14 1239.56 1769.53 898.233 804.397 690.312 681.922 489.401 261.716 207.824
threshold=2200.5000000000005 1.0000000180025095e-35 -0.012408714275807141 -0.019884500652551648 55.500000000000007 2.5098429918289189 37.642602920532234 -0.20823676884174344 62.500000000000007 -0.17845539748668668 3.7416666746139531 43.024999618530281 96.908332824707045 -0.021392145194113251 -0.17061719298362729 0.0069933489430695781 146.50000000000003 148.00000000000003 1.0000000180025095e-35 479.43333435058599 -0.026623721234500405 52.000000000000007 0.067361112684011473 0.050641026347875602 3.5000000000000004 281.50000000000006 0.30347222089767462 0.15208332985639575 8.3192629814147967 1.0000000180025095e-35 -0.14785429090261457
decision_type=2 2 2 2 2 2 2 2 2 2 2 2 2 2 2 2 2 2 2 2 2 2 2 2 2 2 2 2 2 2 2
left_child=1 2 6 5 9 10 7 -1 -6 -4 27 13 -12 -7 -8 16 18 -18 -5 20 21 -3 23 -17 30 -13 -24 -2 -26 -22 -21
right_child=3 19 4 15 8 11 14 -9 -10 -11 12 25 -14 -15 -16 22 17 -19 -20 24 29 -23 26 -25 28 -27 -28 -29 -30 -31 -32
leaf_value=0.021978413502203756 -0.0043622202523276327 0.035136968424319348 0.038888818722713582 -0.01356222605595935 -0.0080219457310723597 0.011693314635088183 0.043029602509722868 0.037287165590176329 0.035961043190437268 0.025051900924936994 0.037130027011858233 0.041965885057310602 -0.00057710277181577787 0.071437441968819362 0.013689271992089847 0.014905464087718813 0.23647168127807663 -0.018044207816500433 0.02420343897858809 0.057773340176692153 0.059945087519125952 0.041857705204404905 -0.01917589799636674 0.066866993562361532 0.032169430551745287 0.013059677362046752 0.062833998771531466 0.05609548623113108 -0.020560663777330991 0.044671049903524676 -0.0076161986133670267
leaf_weight=6566.4688948392868 774.49028024449944 24731.703802116215 6605.9451212063432 3484.4913020282984 2893.3177196923643 11400.806631149724 1146.6991231478751 101275.59166247025 806.9921741001308 22660.576809167862 10450.405265977606 1469.4753954876214 592.454076487571 226.58380400016904 4615.7033255249262 618.50752796046436 29.056062459945679 28.185016637668014 493.16942974925041 14.966870199888943 336.59524517506361 58899.939723677933 258.17719203792512 281.53136848472059 684.17344170063734 352.37654793821275 34.322592549026012 59.285581864416599 56.210489474236965 21375.8031578511 345.61382727697492
leaf_count=27747 9550 42744 25609 120588 31214 137502 2563 264647 4927 114694 48415 10323 7097 1224 25689 8018 13 700 12360 137 651 56950 3787 1096 3391 3817 109 163 436 8821 3724
internal_value=0.0345304 0.03633 0.033182 0.0196278 0.0251889 0.0238255 0.0355015 0.036355 0.00157004 0.0281751 0.0326379 0.0160434 0.035107 0.0128576 0.019528 -0.000709081 -0.0071769 0.111139 -0.0088797 0.0406647 0.0409086 0.0398702 0.021174 0.0311597 0.0173353 0.0363753 -0.00955053 -6.26278e-05 0.0281653 0.0449079 -0.00490029
internal_weight=283570 253016 146571 30553.3 32966.8 25325.9 113604 107842 3700.31 29266.5 11876.6 13449.2 11042.9 11627.4 5762.4 5227.44 4034.9 57.2411 3977.66 106445 105344 83631.6 1192.54 900.039 1100.96 1821.85 292.5 833.776 740.384 21712.4 360.581
internal_count=978706 613944 497090 364762 176444 218091 320646 292394 36141 140303 65225 152866 55512 138726 28252 146671 133661 713 132948 116854 109166 99694 13010 9114 7688 14140 3896 9713 3827 9472 3861
is_linear=0
shrinkage=0.0171808


Tree=26
num_leaves=32
num_cat=0
split_feature=15 3 1 16 15 1 25 1 56 19 42 6 12 61 12 13 6 9 13 39 24 1 14 5 12 6 14 57 6 19 38
split_gain=24200.2 12608.6 10255.9 7898.05 7507.31 7898.87 5623.98 4787.33 3118.64 3177.47 2687.48 2606.36 2503.12 2018.79 1650.22 1627.82 1328.49 1027.76 841.555 848.326 744.355 695.994 735.828 659.249 549.768 308.773 263.913 231.429 67.5103 59.117 29.4278
threshold=2200.5000000000005 1.0000000180025095e-35 -0.056840781122446053 37.908334732055671 89.500000000000014 -0.073448114097118364 1.0000000180025095e-35 -0.019136482849717137 23.3509635925293 1.0823568701744082 1.5000000000000002 2.5000000000000004 -0.21899104118347165 1.0000000180025095e-35 -0.065169680863618837 419.50833129882818 13.500000000000002 1.9090277552604678 479.97500610351568 17.758333206176761 3.5000000000000004 -0.14505126327276227 2.1132007837295537 -0.16177415847778318 -0.13501176983118054 71.500000000000014 2.8262152671813969 -0.012627551332116125 35.500000000000007 0.95812487602233898 27.991666793823246
decision_type=2 2 2 2 2 2 2 2 2 2 2 2 2 2 2 2 2 2 2 2 2 2 2 2 2 2 2 2 2 2 2
left_child=1 3 8 4 11 -6 7 10 9 14 -4 -1 -11 18 -2 23 17 -15 19 -3 -18 24 -23 -5 -10 -17 -9 -20 29 -8 -30
right_child=2 13 6 15 5 -7 28 26 21 12 -12 -13 -14 16 -16 25 20 -19 27 -21 -22 22 -24 -25 -26 -27 -28 -29 30 -31 -32
leaf_value=0.0411008170868963 0.036883721593914127 0.0023089848259158145 0.0085200921777996968 0.043578944819121085 0.030686344446674917 0.018559624638764489 0.064692706741568351 -0.017449407547222618 -0.0027745821049161537 0.0087625523922312456 0.085249752776959842 0.032980773597144457 0.028262387488254319 0.033857268888289049 0.064926571325341312 0.021749524020317781 0.042459512925810572 0.0048939878385646949 0.015428666530277158 0.044735619362064077 0.038569419414622309 -0.006882329194525443 0.033717784184225552 0.038569312077150357 0.061030736404477079 -0.013746306437434677 0.028968880932009111 -0.008114758724071934 0.039823062608866401 0.051105167480938143 0.049891506985345481
leaf_weight=15279.014026261866 3488.8899114392698 204.09035923331976 8547.3250544629991 10955.243174333125 50446.027160797268 23122.452070720494 156.52468994259834 2575.4489776082337 66.516968388110399 2366.3607396297157 136.90254521369934 49384.716737408191 10867.437833758071 1923.2572723701596 753.22273319214582 1084.2309960462153 57385.877533122897 445.45828771591187 210.27669185772538 437.16929703950882 19443.222901005298 1097.5914097707719 149.74188710935414 26558.361974753439 99.402199003845453 77.487808875739574 36.659633632749319 297.7392952144146 134.62545672431588 241.05006281286478 240.0977520942688
leaf_count=18961 10150 932 146061 11406 181028 158607 112 103745 595 16454 612 114295 67935 3811 1323 4277 36279 1996 1694 425 18726 14717 1139 57953 635 519 893 3035 239 120 32
internal_value=0.0333853 0.0351123 0.0190339 0.0325489 0.0306287 0.0268749 0.0066623 0.00359563 0.0269383 0.0289235 0.00972977 0.0348994 0.0247756 0.0407562 0.0418631 0.039412 0.0410843 0.0284107 0.0181481 0.0312337 0.0414751 0.00238909 -0.0020078 0.0400323 0.0354474 0.0193814 -0.0167977 0.00162904 0.0515175 0.0564561 0.0462759
internal_weight=288212 257255 30957.8 176908 138232 73568.5 12068.6 11296.3 18889.2 17475.9 8684.23 64663.7 13233.8 80347.1 4242.11 38675.3 79197.8 2368.72 1149.28 641.26 76829.1 1413.25 1247.33 37513.6 165.919 1161.72 2612.11 508.016 772.298 397.575 374.723
internal_count=978706 613944 364762 547046 472891 339635 251814 251311 112948 95862 146673 133256 84389 66898 11473 74155 60812 5807 6086 1357 55005 17086 15856 69359 1230 4796 104638 4729 503 232 271
is_linear=0
shrinkage=0.0171808


Tree=27
num_leaves=31
num_cat=0
split_feature=2 1 1 16 39 30 4 9 6 53 9 14 30 8 10 1 8 10 25 14 14 21 6 18 8 14 39 61 2 8
split_gain=23931.5 10343.2 9719.35 7904.99 5147.53 4502.95 4100.88 3976.26 7193.79 4697.45 4291.17 3746.32 3647.72 3579.42 3261.41 3711.14 2779.45 2254.19 1648.15 1455.65 1444.54 932.407 1837.28 2228.32 741.818 739.159 680.815 386.058 233.03 44.6559
threshold=0.0014026597491465511 -0.041118944063782685 -0.19145977497100827 24.825000762939457 2.3416665792465214 -1.0000000180025095e-35 -0.092388801276683793 3.5826388597488408 44.500000000000007 3.5000000000000004 3.128472208976746 0.60064262151718151 -0.60785761475563038 107.35416793823244 0.57499998807907116 -0.019136482849717137 51.395833969116218 15.141666412353517 1.0000000180025095e-35 0.78942862153053295 0.86853894591331493 2325.5000000000005 1.0000000180025095e-35 284.50000000000006 1.6041666865348818 0.71632772684097301 719.88333129882824 7.5000000000000009 0.37152777612209326 34.770833969116218
decision_type=2 2 2 2 2 2 2 2 2 2 2 2 2 2 2 2 2 2 2 2 2 2 2 2 2 2 2 2 2 2
left_child=1 7 21 4 18 -6 16 10 9 -9 12 -10 -1 -12 15 -8 24 20 -4 -18 -5 26 25 -24 -3 -23 28 -28 -2 -19
right_child=2 6 3 17 5 -7 14 8 11 -11 13 -13 -14 -15 -16 -17 19 29 -20 -21 -22 22 23 -25 -26 -27 27 -29 -30 -31
leaf_value=0.0062055137379478159 0.04092607980820348 0.078579254007793115 -0.00050320041455003957 0.033065739833513172 0.024588886710989664 0.03231883640935701 0.0076865562089487964 0.0097223159456242964 0.013729996138894151 0.06947408714294781 0.058170649675676492 0.039589704850439118 0.031559959126122972 -0.0099692849201221938 0.051385481638204458 -0.017395479840887181 0.11327547641147141 0.0441738331535955 0.028570655254939199 -0.018873994912794106 0.039445158194212071 0.037717042580344577 0.0305144769104434 0.042982151115704352 -0.019498358305995916 0.044560467856571022 -0.010324318610286813 0.029883505213246134 0.020429623749851539 0.048776888931521531
leaf_weight=1970.9002728126943 46548.514382943511 28.671142101287842 2232.6490930411965 27094.001354206353 33011.097751861438 68211.836782937869 7165.7104441523552 11542.962995691225 2274.5182786732912 401.89619067683816 2401.0485591776669 6058.8225892409682 11156.268435932696 251.36689326912165 404.8827311694622 2300.2265969328582 207.23142943158746 9588.5921007394791 775.41829741001129 27.910072591155767 17086.688915774226 9427.6999991051853 16231.470104165375 5724.0955613404512 110.47816975414753 9214.3910573422909 111.99462123960257 190.11004617065191 164.43472155928612 668.28569447994232
leaf_count=15156 27719 23 20532 66924 122641 197803 117955 113482 16287 1217 7331 25300 55492 3458 173 97415 601 1475 1723 379 31646 10165 31632 2373 1065 6778 1070 435 350 106
internal_value=0.0323168 0.0209846 0.0344474 0.0319112 0.0291397 0.0297979 0.00575079 0.025313 0.0202801 0.0117328 0.0317808 0.0325316 0.0277533 0.0517129 0.00363406 0.00159154 0.0615715 0.0372176 0.00699124 0.0975874 0.035533 0.0390405 0.037133 0.033765 0.00070563 0.0410996 0.0406877 0.0149758 0.0408539 0.0444738
internal_weight=292584 46302.9 246281 158669 104231 101223 10245.1 36057.8 20278.2 11944.9 15779.6 8333.34 13127.2 2652.42 9870.82 9465.94 374.291 54437.6 3008.07 235.142 44180.7 87612.7 40597.7 21955.6 139.149 18642.1 47015.1 302.105 46712.9 10256.9
internal_count=978706 455334 523372 442850 342699 320444 217611 237723 156286 114699 81437 41587 70648 10789 215543 215370 2068 100151 22255 980 98570 80522 50948 34005 1088 16943 29574 1505 28069 1581
is_linear=0
shrinkage=0.0171808


Tree=28
num_leaves=30
num_cat=0
split_feature=0 1 6 3 16 6 6 21 37 6 19 33 20 1 6 57 57 9 19 19 39 14 39 30 24 6 16 35 24
split_gain=22229.8 19340.5 8955.27 6118.88 4743.42 4524.85 7105.59 4281.6 4106.35 4601.7 4586.51 3627.1 3670.78 3330.97 1907.93 1767.95 1479.67 1508.86 1348.7 1108.33 1089.93 764.976 718.511 937.595 707.058 662.77 488.597 202.523 7.20165
threshold=1.0000000180025095e-35 -0.06794171035289763 16.500000000000004 1.0000000180025095e-35 43.024999618530281 2.5000000000000004 25.500000000000004 866.50000000000011 1.0000000180025095e-35 53.500000000000007 4.2957851886749276 1.0000000180025095e-35 1.0000000180025095e-35 -0.04686323553323745 13.500000000000002 -0.56041666865348805 -0.19930555671453473 1.7076389193534853 2.4819960594177251 6.2822976112365732 465.49166870117193 1.0958583950996401 465.49166870117193 -0.87837970256805409 4.5000000000000009 52.000000000000007 3.7583333253860478 0.70848244428634655 1.0000000180025095e-35
decision_type=2 2 2 2 2 2 2 2 2 2 2 2 2 2 2 2 2 2 2 2 2 2 2 2 2 2 2 2 2
left_child=1 4 15 5 8 16 13 -8 10 -10 -1 12 -4 -7 18 -3 -2 -18 24 -17 21 -6 26 -24 -5 -22 -16 -20 -13
right_child=3 2 11 14 20 6 7 -9 9 -11 -12 28 -14 -15 22 19 17 -19 27 -21 25 -23 23 -25 -26 -27 -28 -29 -30
leaf_value=0.027647202874266554 -0.025752248950655247 0.19268814306647353 0.021758818200313335 0.029603850785356146 0.038829394668512089 0.0081090197001918163 0.037307048984068322 0.029440148150417452 0.027343395254507283 0.041732708723096361 0.010394809589909505 -0.013624523536204356 -0.0019433633966345547 0.036224458679485143 0.037198000465608116 -0.00028152840274357083 0.019420647787955374 0.039636470399575553 -0.02193344122563225 -0.017216171089194397 0.0057966152250345255 0.049641635838218422 -0.01389752678152421 0.031975905879630978 -0.022521653518838732 0.037042002829118383 0.040287371450419052 0.038204282164782874 -0.018099066773553132
leaf_weight=13217.975326064974 105.25502188503742 13.564854584634302 22049.135714393109 1405.0757865943015 8296.7721109222621 5672.8613299168646 29722.920374073088 65262.252591125667 21886.521542951465 9368.7581382729113 6935.1110350061208 127.44502226263285 2113.5388113595545 1593.2033593431115 22501.447499133646 5755.618351271376 1137.7497949078679 25931.81101744622 218.93092422559857 1422.7953799907118 422.77024791762233 2518.4035264700651 142.28126318007708 1735.2005051262677 81.242216225713491 381.05971892923117 46056.451618760824 17.872648194432259 677.30305904336274
leaf_count=65839 475 47 180392 2652 20662 35860 44197 156292 93746 15076 46187 3518 45709 7269 18019 116279 3726 28890 1386 38718 2340 3362 1078 4094 519 814 22314 16 19230
internal_value=0.0313092 0.0244663 0.0136245 0.0345404 0.0299983 0.0323053 0.0306492 0.0319019 0.0277575 0.0316566 0.0217103 0.0184905 0.0196855 0.0142739 0.0385493 -0.00326776 0.0385368 0.0387868 0.020687 -0.00363814 0.0399125 0.0413472 0.0389862 0.0284991 0.0267542 0.0206094 0.0392734 -0.0173919 -0.0173912
internal_weight=296771 95186.8 32159.4 201585 63027.4 129426 102251 94985.2 51408.4 31255.3 20153.1 24967.4 24162.7 7266.06 72158.5 7191.98 27174.8 27069.6 1723.12 7178.41 11619 10815.2 70435.4 1877.48 1486.32 803.83 68557.9 236.804 804.748
internal_count=978706 651919 403893 326787 248026 276709 243618 200489 220848 108822 112026 248849 226101 43129 50078 155044 33091 32616 4573 154997 27178 24024 45505 5172 3171 3154 40333 1402 22748
is_linear=0
shrinkage=0.0171808


Tree=29
num_leaves=32
num_cat=0
split_feature=2 5 1 26 1 6 9 30 14 12 35 5 7 55 17 34 1 1 38 13 21 6 30 12 61 4 34 14 18 15 0
split_gain=21868 11998.8 9380.5 8206.3 9156.24 5704.71 6176.8 5190.37 3115.73 3558.4 2899.07 2688.28 2074.3 2346.54 2018.77 1921.71 1899.9 1787.34 1010.1 1002.94 911.658 1492.74 619.437 419.915 380.73 213.556 268.19 205.25 187.328 91.5411 43.7467
threshold=0.0014026597491465511 -0.026048575527966019 -0.19145977497100827 1.0000000180025095e-35 -0.058682156726717942 12.000000000000002 2.5673611164093022 -1.0000000180025095e-35 0.98244979977607738 -0.15990436822175977 1.0000000180025095e-35 -0.027111854404211041 1.0000000180025095e-35 146.50000000000003 1.0000000180025095e-35 47.500000000000007 -0.013976968359202145 -0.224565714597702 15.141666412353517 479.97500610351568 2325.5000000000005 13.500000000000002 -0.87837970256805409 -0.069694075733423219 1.0000000180025095e-35 -0.038263233378529542 254.50000000000003 0.40255844593048101 218.50000000000003 13.500000000000002 0.077267002314329161
decision_type=2 2 2 2 2 2 2 2 2 2 2 2 2 2 2 2 2 2 2 2 2 2 2 2 2 2 2 2 2 2 2
left_child=1 5 19 4 7 6 15 -4 9 -7 12 -6 13 -3 -10 -1 -14 -8 23 20 27 -22 29 -5 -24 26 -12 -2 -27 -21 -20
right_child=2 10 3 18 11 8 17 -9 14 -11 25 -13 16 -15 -16 -17 -18 -19 30 22 21 -23 24 -25 -26 28 -28 -29 -30 -31 -32
leaf_value=-0.012081752331337889 0.049861252193748137 -0.0073113032267918265 0.024399372888027421 0.033548078709087617 0.017558672849846319 0.028852168097070051 0.063981267217219223 0.031861623325840499 0.031543174238566604 0.014830893389464389 -0.019527943869998517 -0.0029207190938801736 0.04259048704660217 0.10449568757745958 0.053241921568487942 0.035025932760550389 -0.017592578496362744 -0.0015226111386288876 0.045173679963230143 0.032256309893147178 0.038695307760872537 0.032124678393400913 0.0055746244635540921 0.039235866767109558 0.030093428767807649 0.043076681810013298 0.04148487015683195 0.038582842733959177 0.080556010892545771 -0.020547666190659314 0.041990343212915823
leaf_weight=281.97718389704823 481.57986430078745 6190.5022594220936 40656.436038449407 10036.926948957145 7521.0043214969337 13308.955268915743 125.85647767037153 85115.37183149904 7967.1445478536189 8926.3889470137656 34.404343817383051 2527.8991349600255 508.69916986301541 55.908159261569381 1504.7637658677995 2732.4095837660134 222.56515568494797 5340.2398958094418 1470.0995768606663 10.676261544227598 19167.074064590037 21834.638191625476 225.06555983796716 6200.6323180422187 1105.4604375809431 315.76709705963731 55.645243745297194 46766.355943284929 45.026259239763021 104.1899500861764 9870.0577658861876
leaf_count=2958 223 161487 129794 15142 51584 73467 90 206894 34017 72069 392 32186 3391 564 5974 10844 9781 78778 254 37 16848 31671 1938 5312 2228 1032 356 26621 134 956 1684
internal_value=0.0303645 0.0196829 0.0323741 0.0299235 0.0281885 0.0233909 0.0108743 0.0294494 0.0267386 0.0232233 -0.000376983 0.0124068 -0.00310528 -0.00631048 0.0349904 0.0306191 0.0242725 -1.42745e-05 0.0384682 0.0368384 0.037071 0.0351963 0.0226415 0.0357201 0.0259464 0.0418473 0.0181674 0.0386978 0.0477558 -0.0156343 0.0424031
internal_weight=300710 47616.3 253093 163398 135821 40187.7 8480.48 125772 31707.3 22235.3 7428.52 10048.9 6977.67 6246.41 9471.91 3014.39 731.264 5466.1 27577.7 89695 88249.6 41001.7 1445.39 16237.6 1330.53 450.843 90.0496 47247.9 360.793 114.866 11340.2
internal_count=978706 455334 523372 442850 420458 278197 92670 336688 185527 145536 177137 83770 175223 162051 39991 13802 13172 78868 22392 80522 75363 48519 5159 20454 4166 1914 748 26844 1166 993 1938
is_linear=0
shrinkage=0.0171808


Tree=30
num_leaves=32
num_cat=0
split_feature=28 1 5 6 7 6 6 30 1 4 16 44 15 42 57 14 5 5 17 12 6 57 19 56 5 57 30 18 11 24 38
split_gain=21848.4 18184.9 8282.11 5338.38 5086.1 5507.09 6571.49 4835.21 4552.53 3709.73 3471.17 2826.84 2811.23 2743.81 2209.85 2133.94 2082.2 1987.78 1842.56 1840.14 1830.42 1467.1 1104.79 1082.69 1021.07 1007.72 946.253 943.414 921.499 497.034 326.197
threshold=1.0000000180025095e-35 -0.066453509032726274 -0.036096919327974313 13.500000000000002 1.0000000180025095e-35 2.5000000000000004 25.500000000000004 -0.87837970256805409 -0.062923315912485109 -0.027404041029512879 34.875000000000007 1.7250000238418581 375.50000000000006 1.0000000180025095e-35 -0.56041666865348805 0.51473826169967662 -0.1411773860454559 -0.039511218667030328 5.5000000000000009 -0.11478823795914649 13.500000000000002 -0.19930555671453473 2.4819960594177251 64.439208984375014 -1.0000000180025095e-35 -1.0000000180025095e-35 -0.87837970256805409 471.50000000000006 1.5000000000000002 3.5000000000000004 21.916666984558109
decision_type=2 2 2 2 2 2 2 2 2 2 2 2 2 2 2 2 2 2 2 2 2 2 2 2 2 2 2 2 2 2 2
left_child=1 7 3 15 5 17 13 16 -5 -8 11 -9 19 -7 -14 -3 25 21 -18 -4 22 -2 29 28 -19 -1 -25 -12 -22 -6 -24
right_child=4 2 12 8 20 6 9 10 -10 -11 27 -13 14 -15 -16 -17 18 24 -20 -21 23 -23 30 26 -26 -27 -28 -29 -30 -31 -32
leaf_value=0.036582137035406082 -0.025880319411252038 0.038816038609099539 0.0052991288807639507 0.0010556003843663205 0.028638759305787451 0.015927865131354933 0.03240674191447613 0.0017938418883314173 0.025618046156167553 0.024564213269427721 0.037949367139200947 0.027951952561245951 0.1725564689017561 -0.0200778892125471 -0.0040308850130110476 -0.0047397896016817412 0.0061765741302930704 -0.005475426555242845 0.074217778173457385 0.053286277026227312 0.03513296291631645 0.038104335745924672 -0.022038638628019667 -0.0080330750161967772 0.026188867788499267 -0.019739745205414733 0.028224612941202938 0.013040283342786604 0.038893524328041058 0.0035559299978116 0.044750341728711507
leaf_weight=1229.4815704114735 106.18361215293407 368.11255236715078 511.19054092094302 2605.4021358601749 1191.8929842337966 6715.4961595572531 48505.321919105947 1253.6507519744337 15353.650116018951 28129.905863527209 13195.064461372793 44801.565676812083 20.966498896479607 688.79729391634464 9094.9307899922132 3387.089673217386 4556.7566085867584 408.55504456534982 120.59099593013525 438.01730781048536 62918.986703038216 26902.164270073175 222.48015051707625 234.36821654438972 1137.4307643324137 101.49923245608807 2270.9448447860777 464.70335945114493 27709.605328530073 289.9897601492703 23.898976042866707
leaf_count=3537 477 3695 4049 17574 2122 37259 84675 10594 104426 83845 29593 177098 52 5925 210087 57448 28321 2804 210 1752 58841 26444 1378 1489 3185 981 5984 2358 11554 1108 6
internal_value=0.0295662 0.0228582 0.0121879 0.0181593 0.0327188 0.0302496 0.0280347 0.0280177 0.0220547 0.0295281 0.0294959 0.0272399 -0.000694644 0.0125783 -0.00362467 -0.00046996 0.0133264 0.0367682 0.00793094 0.0274437 0.0356496 0.0378528 0.0181295 0.0359748 0.0178206 0.0322866 0.0248325 0.037102 0.0362828 0.0237307 -0.0155575
internal_weight=304959 97502.7 31779.4 21714.3 207456 112594 84039.5 65723.3 17959.1 76635.2 59715 46055.2 10065.1 7404.29 9115.9 3755.2 6008.33 28554.3 4677.35 949.208 94862.2 27008.3 1728.26 93133.9 1545.99 1330.98 2505.31 13659.8 90628.6 1481.88 246.379
internal_count=978871 651775 399083 183143 327096 244614 211704 252692 122000 168520 219643 187692 215940 43184 210139 61143 33049 32910 28531 5801 82482 26921 4614 77868 5989 4518 7473 31951 70395 3230 1384
is_linear=0
shrinkage=0.0171808


Tree=31
num_leaves=32
num_cat=0
split_feature=0 1 5 3 6 30 6 6 14 4 49 31 32 5 5 6 5 1 1 6 57 19 5 61 57 41 28 30 27 10 10
split_gain=21127.5 17023.4 7858.32 5250.7 5033.79 4495.68 4305.68 6936.92 4193.49 4078.05 3183.48 2938.66 2786.67 2488.27 1953.59 1915.09 1875.76 1865.13 1923.95 1492.56 1394.63 1056.67 968.279 958.516 946.567 656.069 629.443 470.416 402.366 353.455 325.512
threshold=1.0000000180025095e-35 -0.066453509032726274 -0.026048575527966019 1.0000000180025095e-35 13.500000000000002 -0.87837970256805409 2.5000000000000004 25.500000000000004 0.84801888465881359 -0.027404041029512879 1.3490725159645083 403.71665954589849 791.50000000000011 -0.028635172173380848 -0.1411773860454559 13.500000000000002 -0.039511218667030328 -0.019136482849717137 -0.020568713545799252 34.500000000000007 -0.19930555671453473 2.4819960594177251 -1.0000000180025095e-35 1.0000000180025095e-35 -1.0000000180025095e-35 4.2500000000000009 5.58184838294983 -1.0000000180025095e-35 11.164910793304445 22.508333206176761 22.508333206176761
decision_type=2 2 2 2 2 2 2 2 2 2 2 2 2 2 2 2 2 2 2 2 2 2 2 2 2 2 2 2 2 2 2
left_child=1 5 4 6 13 14 16 12 -6 -9 11 -7 -8 -3 24 21 20 18 -4 -16 -2 27 -18 28 -1 -12 -25 -5 -17 -19 -23
right_child=3 2 17 15 8 10 7 9 -10 -11 25 -13 -14 -15 19 23 22 29 -20 -21 -22 30 -24 26 -26 -27 -28 -29 -30 -31 -32
leaf_value=0.035226325917043784 -0.025658449419889495 -0.0026712371994671424 0.0008150037291725417 0.0034893699705342033 0.01321514984127378 0.029443938500092151 -0.020032084644262371 0.0318129046394236 0.029021193536583466 0.024401581164371577 -0.016162644574237637 0.0012105375924826775 0.015672531570930136 0.058751789054955733 0.018225160925169293 -0.014137084025783583 -0.0054008167202210825 -0.017133941439830078 0.083363002723529492 -0.0011955318548410108 0.036993432438870606 -0.021941078330200803 0.0254254468367161 0.037915980023096589 -0.019690857056984951 0.036631319689382442 0.034659336735526861 0.02785127709486062 0.021746424022355829 0.052030501769253265 0.045241571871374724
leaf_weight=1254.6416251286864 105.26958261430264 4279.0902592670172 5146.9581137839705 290.44010042771697 11115.074687805027 58947.098416643217 713.40601762384176 68078.887312598526 8939.9033025112003 32320.449905112386 560.16639842651784 1108.711541313678 6751.5245508663356 203.95845391601324 2166.4942161366343 107.95242939889431 407.09551816806197 2258.7198224980384 84.714450418949127 2534.714550672099 27231.021206751466 220.33166980370879 1151.3312544412911 32551.386346772313 100.01586362347007 79.313742935657501 37954.372765805572 1204.425486985594 632.9434627853334 22.018110275268555 23.559692859649658
leaf_count=3537 477 70753 89006 1108 85848 202874 6206 110588 53595 90181 7260 9208 36978 905 13476 454 2804 97634 1339 15055 26444 1381 3185 12300 981 301 30124 2122 2741 3 3
internal_value=0.0287171 0.0221667 0.0118747 0.0318027 0.0165819 0.0271083 0.0298169 0.028239 0.020261 0.0294271 0.0285167 0.0289227 0.0122602 0.000123093 0.0129925 0.0355238 0.0357069 -0.0035004 0.00215179 0.00775412 0.0367521 0.0177083 0.0173725 0.0359586 0.0311713 -0.00961371 0.0361629 0.0231184 0.0165172 -0.016466 -0.0154487
internal_weight=308546 98801.6 32050.4 209744 24538 66751.2 136759 107864 20055 100399 60695.3 60055.8 7464.93 4483.05 6055.87 72985.4 28894.7 7512.41 5231.67 4701.21 27336.3 1738.76 1558.43 71246.7 1354.66 639.48 70505.8 1494.87 740.896 2280.74 243.891
internal_count=978871 651775 399083 327096 211101 252692 276863 243953 139443 200769 219643 212082 43184 71658 33049 50233 32910 187982 90345 28531 26921 4614 5989 45619 4518 7561 42424 3230 3195 97637 1384
is_linear=0
shrinkage=0.0171808


Tree=32
num_leaves=31
num_cat=0
split_feature=2 5 25 1 30 4 24 1 6 33 18 55 17 5 46 5 5 17 3 7 1 6 8 6 8 16 56 19 2 5
split_gain=19433.1 10627.9 9571.45 10409.4 5798.88 5096.41 4769.48 3621.19 3412.67 3312.2 3397.77 2797.74 2649.3 2529.69 1911.97 1839.37 1729.91 1568.63 1556.39 1333.57 1302.83 1454.67 585.633 470.556 622.478 348.846 283.671 211.778 0.0104694 0.00465142
threshold=0.0014026597491465511 -0.019175995141267773 1.0000000180025095e-35 -0.06794171035289763 -0.87837970256805409 -0.012646068818867205 3.5000000000000004 -0.031130389310419556 18.500000000000004 1.0000000180025095e-35 394.50000000000006 146.50000000000003 1.0000000180025095e-35 -0.17061719298362729 149.50000000000003 -0.17730765789747235 1.4369099736213686 5.5000000000000009 1.0000000180025095e-35 1.0000000180025095e-35 -0.038646383211016648 2.5000000000000004 1.6875000000000002 13.500000000000002 3.0625000000000004 19.058333396911625 96.956535339355483 3.0271058082580571 1.0000000180025095e-35 -0.023298396728932854
decision_type=2 2 2 2 2 2 2 2 2 2 2 2 2 2 2 2 2 2 2 2 2 2 2 2 2 2 2 2 2 2
left_child=1 6 3 4 13 -6 9 12 15 10 -1 16 -5 -2 -13 -8 19 -10 20 -3 21 -4 -9 24 -20 -22 -25 -18 -16 -11
right_child=2 11 18 7 5 -7 8 22 17 29 -12 14 -14 -15 28 -17 27 -19 23 -21 25 -23 -24 26 -26 -27 -28 -29 -30 -31
leaf_value=0.026855075908773004 0.033478502972558631 -0.013393721010629103 0.035696242495880257 0.013934314779827548 0.031520761789592511 0.022903247238025119 0.024023222989997244 0.072861051941414318 0.016958533995307907 -0.018157590521750602 0.00092357305583224737 0.18005676537739984 0.030670048073150769 0.01357839120104443 -0.017798689902662295 -0.0061821508471752145 0.013337126605735871 0.069390810410764184 -0.00063927586356425864 0.013236446910923731 0.031878807976918437 0.029081478359261583 -0.011418241258804692 0.036589713214819651 0.040962232712223309 0.039077471415328538 0.020458589069090635 0.042654986628000977 -0.020088400357413813 -0.01869211653728849
leaf_weight=27536.124562999234 2332.7307478748262 4009.9147201161832 13414.536212310195 13680.023109544069 101847.25732292235 25287.879409305751 725.66793185472488 24.729984171688557 10533.759899545461 413.89630916342139 1576.9662298560143 39.910313844680786 3508.1857350356877 9837.9609372913837 14.589657241478564 3307.2469503283501 114.60011715441942 171.17097651213408 232.44900261610746 644.23761647567153 2601.3274538144469 36568.313521914184 1524.7544158827513 42740.162231355906 195.37904243171215 8431.4722239375114 324.40759586915374 199.3993089273572 7.6825835444033137 106.75677962601185
leaf_count=167589 3478 126402 12199 79059 178108 87779 5324 119 69718 8643 16015 14 13898 36404 470 44982 614 299 782 12708 3738 62107 23419 17815 133 3606 820 1077 73 1479
internal_value=0.0279125 0.0180268 0.0297726 0.027105 0.0287221 0.0298067 0.0207099 0.0150825 0.0127225 0.0246823 0.0254505 -0.0056404 0.0173502 0.0173927 0.108887 -0.000746951 -0.00707397 0.017797 0.0338066 -0.00970738 0.0320364 0.0308568 -0.0100727 0.0362901 0.0183577 0.0373802 0.0364682 0.0319569 -0.0186166 -0.0182684
internal_weight=311953 49401.9 262552 158044 139306 127135 44371.6 18737.7 14737.8 29633.7 29113.1 5030.33 17188.2 12170.7 62.1826 4032.91 4968.15 10704.9 104508 4654.15 61015.6 49982.8 1549.48 43492.4 427.828 11032.8 43064.6 313.999 22.2722 520.653
internal_count=978871 455407 523464 422264 305769 265887 314049 116495 120323 193726 183604 141358 92957 39882 557 50306 140801 70017 101200 139110 81650 74306 23538 19550 915 7344 18635 1691 543 10122
is_linear=0
shrinkage=0.0171808


Tree=33
num_leaves=32
num_cat=0
split_feature=0 1 5 3 30 16 16 1 15 1 12 59 33 2 5 1 19 10 12 17 16 5 2 29 30 13 41 12 5 15 15
split_gain=20017.8 15180.2 7156.74 5340.87 3979.7 3710.5 3203.14 3192.62 2561.83 2527.82 3787.29 2506.49 2502.9 1959.46 1774.15 1689.65 1653.22 1643.53 1634.84 1552.41 1002.79 967.401 875.047 821.636 666.89 836.418 461.758 336.732 509.911 63.1087 61.1227
threshold=1.0000000180025095e-35 -0.066453509032726274 -0.036096919327974313 1.0000000180025095e-35 -0.87837970256805409 23.274999618530277 34.875000000000007 -0.062923315912485109 375.50000000000006 -0.19145977497100827 -0.21076532453298566 3.0083333253860478 1.0000000180025095e-35 0.56597220897674572 -0.1411773860454559 -0.29074484109878534 2.1147363185882573 20.008333206176761 -0.11478823795914649 4.5000000000000009 2.058333277702332 -0.17061719298362729 1.0000000180025095e-35 1.0000000180025095e-35 -0.87837970256805409 147.12500000000003 294.36665344238287 -0.024379458278417584 -0.04588197544217109 362.50000000000006 659.50000000000011
decision_type=2 2 2 2 2 2 2 2 2 2 2 2 2 2 2 2 2 2 2 2 2 2 2 2 2 2 2 2 2 2 2
left_child=1 4 7 5 14 9 11 16 18 15 -11 -6 -9 -10 22 -2 -3 21 -4 -16 24 -7 -1 -8 25 -5 -26 28 -22 -29 -19
right_child=3 2 8 20 6 17 23 12 13 10 -12 -13 -14 -15 19 -17 -18 30 -20 -21 27 -23 -24 -25 26 -27 -28 29 -30 -31 -32
leaf_value=-0.019687126437580527 0.020081667882423406 0.023397120026460376 0.0046714464794195181 0.023722018379022939 0.0014584993549597567 0.034870027454299769 0.035240149027824672 0.020353296094183491 -0.0040552340662963872 0.00252444624120623 0.024995283988396216 0.025283484300003618 -0.0092661083065271269 0.15422895848060433 0.005431636900903548 0.032598096791361018 -0.0078171080946595421 0.039804798195696191 0.049070784972444978 0.059366838552148249 0.034810914912478452 0.029232816414728816 0.033081746414508208 0.021375835875528451 0.031705894035963883 -0.018839787176000527 0.011170273481558564 0.036721290404125875 0.028300003232955916 0.043664448478322342 0.045121525902745985
leaf_weight=99.898137684911489 3760.8074050843716 652.68375676125288 520.80231876298785 987.3507946357131 1340.7401461433619 12187.411035947502 12889.561061490327 18857.006547516212 9091.5366968307644 2297.5036932304502 60948.122456736863 46899.773744476959 881.46044585481286 23.144477255642414 4603.3369703739882 20753.960845552385 2153.0306960940361 4963.4258173555136 461.97390995919704 163.10818865150213 30129.002523630857 34225.17590476945 1295.5936268791556 1398.9144580364227 18584.345630411059 158.10076951980591 329.02627782896161 19409.47188654542 4026.1545842438936 395.26629760861397 734.8114029020071
leaf_count=981 8349 2615 4049 1351 10783 10028 26339 147359 210103 11250 161195 176909 16700 36 28218 22328 16469 647 1752 313 17227 62965 3537 5612 16979 1246 2386 6488 4433 123 101
internal_value=0.0271457 0.0208555 0.011209 0.0301257 0.0254395 0.0281508 0.0267377 0.0165929 -0.000811547 0.0259944 0.024179 0.0246213 0.0190306 -0.00365324 0.0122658 0.030678 -0.000555626 0.0317823 0.0255429 0.00727744 0.0338578 0.0307131 0.0293038 0.0338828 0.0305777 0.0178469 0.0313487 0.0350772 0.0340434 0.0368599 0.0404905
internal_weight=315223 101333 32641.6 213890 68690.9 139871 62529 22544.2 10097.5 87760.4 63245.6 48240.5 19738.5 9114.68 6161.94 24514.8 2805.71 52110.8 982.776 4766.45 74018.7 46412.6 1395.49 14288.5 20058.8 1145.45 18913.4 53959.9 34155.2 19804.7 5698.24
internal_count=978871 651775 399083 327096 252692 276863 219643 183143 215940 203122 172445 187692 164059 210139 33049 30677 19084 73741 5801 28531 50233 72993 4518 31951 21962 2597 19365 28271 21660 6611 748
is_linear=0
shrinkage=0.0171808


end of trees

feature_importances:
breakdown_equipment_failure_zscore=115
id_fabrica_area_encoded=96
process_failure_zscore=63
quality_defect_loss_zscore=47
minor_stoppages_cv_7d=41
speed_loss_zscore=40
minor_stoppages_std_7d=39
avg_minor_stoppages_subcategoria=34
avg_breakdown_equipment_failure_subcategoria=32
dias_desde_ultimo_breakdown=29
horas_desde_ultimo_breakdown=28
mpl_time=28
dia_sin=25
subcategoria_23=23
breakdown_and_equipment_failure_time_duration=23
dia_semana=23
ucl_time=20
is_high_risk_subcategoria=18
minor_stoppages_rolling_12h=17
diff_breakdown_equipment_failure_vs_subcategoria=16
duracion_eventos_criticos=15
avg_event_duration=14
concurrent_breakdown_equipment_failure_area_24h=14
area_stress_level_24h=14
breakdown_equipment_failure_std_7d=13
ratio_ucl_total=13
minor_stoppages_rolling_24h=12
subcategoria_0=12
max_event_duration=12
evento_mas_largo_duracion=11
idle_time_nivel3_duration=11
measurement_adjustment_rolling_24h=10
horas_desde_ultimo_pm=10
breakdown_equipment_failure_cv_7d=9
tiene_historial_pm=9
breakdown_equipment_failure_rolling_24h=7
tiene_historial_cm=7
dia_cos=7
idle_time_frecuencia_por_hora=7
breakdown_equipment_failure_rolling_6h=6
ratio_eventos_criticos_total=6
pm_duration_max_24h=6
subcategoria_12=5
horas_desde_ultimo_cm=5
idle_time_duration=5
cm_count_30d=4
pm_count_30d=4
subcategoria_34=3
pm_duration_total_24h=3
ratio_mpl_total=3
total_duration=3
pm_duration_total_30d=2
ratio_unplanned_total=2
subcategoria_17=2
quality_defect_loss_rolling_24h=2
subcategoria_20=2
process_failure_rolling_24h_avg=2
subcategoria_48=1
pm_duration_total_7d=1
pm_frecuencia_mensual=1
subcategoria_13=1

parameters:
[boosting: gbdt]
[objective: binary]
[metric: auc,binary_logloss]
[tree_learner: serial]
[device_type: cpu]
[data_sample_strategy: bagging]
[data: ]
[valid: ]
[num_iterations: 1000]
[learning_rate: 0.0171808]
[num_leaves: 98]
[num_threads: -1]
[seed: 42]
[deterministic: 0]
[force_col_wise: 0]
[force_row_wise: 0]
[histogram_pool_size: -1]
[max_depth: 5]
[min_data_in_leaf: 95]
[min_sum_hessian_in_leaf: 6.01744]
[bagging_fraction: 0.534937]
[pos_bagging_fraction: 1]
[neg_bagging_fraction: 1]
[bagging_freq: 6]
[bagging_seed: 400]
[bagging_by_query: 0]
[feature_fraction: 0.69427]
[feature_fraction_bynode: 1]
[feature_fraction_seed: 30056]
[extra_trees: 0]
[extra_seed: 12879]
[early_stopping_round: 0]
[early_stopping_min_delta: 0]
[first_metric_only: 0]
[max_delta_step: 0]
[lambda_l1: 0.0364421]
[lambda_l2: 2.57546e-08]
[linear_lambda: 0]
[min_gain_to_split: 0]
[drop_rate: 0.1]
[max_drop: 50]
[skip_drop: 0.5]
[xgboost_dart_mode: 0]
[uniform_drop: 0]
[drop_seed: 17869]
[top_rate: 0.2]
[other_rate: 0.1]
[min_data_per_group: 100]
[max_cat_threshold: 32]
[cat_l2: 10]
[cat_smooth: 10]
[max_cat_to_onehot: 4]
[top_k: 20]
[monotone_constraints: ]
[monotone_constraints_method: basic]
[monotone_penalty: 0]
[feature_contri: ]
[forcedsplits_filename: ]
[refit_decay_rate: 0.9]
[cegb_tradeoff: 1]
[cegb_penalty_split: 0]
[cegb_penalty_feature_lazy: ]
[cegb_penalty_feature_coupled: ]
[path_smooth: 0]
[interaction_constraints: ]
[verbosity: -1]
[saved_feature_importance_type: 0]
[use_quantized_grad: 0]
[num_grad_quant_bins: 4]
[quant_train_renew_leaf: 0]
[stochastic_rounding: 1]
[linear_tree: 0]
[max_bin: 255]
[max_bin_by_feature: ]
[min_data_in_bin: 3]
[bin_construct_sample_cnt: 200000]
[data_random_seed: 175]
[is_enable_sparse: 1]
[enable_bundle: 1]
[use_missing: 1]
[zero_as_missing: 0]
[feature_pre_filter: 0]
[pre_partition: 0]
[two_round: 0]
[header: 0]
[label_column: ]
[weight_column: ]
[group_column: ]
[ignore_column: ]
[categorical_feature: ]
[forcedbins_filename: ]
[precise_float_parser: 0]
[parser_config_file: ]
[objective_seed: 16083]
[num_class: 1]
[is_unbalance: 0]
[scale_pos_weight: 33.3525]
[sigmoid: 1]
[boost_from_average: 1]
[reg_sqrt: 0]
[alpha: 0.9]
[fair_c: 1]
[poisson_max_delta_step: 0.7]
[tweedie_variance_power: 1.5]
[lambdarank_truncation_level: 30]
[lambdarank_norm: 1]
[label_gain: ]
[lambdarank_position_bias_regularization: 0]
[eval_at: ]
[multi_error_top_k: 1]
[auc_mu_weights: ]
[num_machines: 1]
[local_listen_port: 12400]
[time_out: 120]
[machine_list_filename: ]
[machines: ]
[gpu_platform_id: -1]
[gpu_device_id: -1]
[gpu_use_dp: 0]
[num_gpu: 1]

end of parameters

pandas_categorical:[]
